Emotion,DwellTime_mean,DwellTime_std,FlightTime_mean,FlightTime_std,TypingSpeed_cps,PauseFrequency,PauseDuration_mean,BackspaceFrequency,ErrorRate,BurstSpeed,SessionDuration,CapitalizationFreq,PunctuationFreq,IdleTime_mean,EmotionLabel
Sad,157.34,18.63,393.43,51.15,2.0459,6,1806.47,0,0.035124,5.4709,40.7,0,2,1901.72,2
Angry,90.01,35.02,126.81,68.84,6.2217,0,1383.98,3,0.129269,12.4002,12.39,3,2,86.07,3
Angry,78.41,28.11,125.35,40.14,4.0,0,1609.1,1,0.094629,13.5136,9.6,4,1,167.46,3
Angry,99.23,32.24,128.32,84.09,4.4376,1,685.17,2,0.119035,14.9623,13.31,5,1,145.01,3
Sad,208.46,22.31,389.95,35.79,1.3178,2,925.83,1,0.026972,4.2177,34.43,0,3,2113.07,2
Angry,100.24,22.94,131.58,75.19,4.9813,0,1442.34,3,0.160292,12.7669,16.01,6,2,181.35,3
Angry,85.67,33.39,155.56,47.83,5.105,0,1097.65,4,0.174095,12.0011,11.31,8,0,159.91,3
Sad,201.99,12.84,355.46,80.0,1.0907,6,1140.14,2,0.057514,5.6952,23.53,1,2,2062.26,2
Anxious,106.29,52.19,235.82,45.54,3.4589,5,1607.61,10,0.071916,4.2367,23.67,2,1,351.47,4
Calm,112.62,9.7,217.68,17.79,3.33,1,1404.06,0,0.053789,8.1603,24.52,1,3,239.8,0
Anxious,123.27,56.28,191.87,72.0,4.2736,3,1069.22,3,0.170487,8.4308,22.78,3,1,100.0,4
Calm,127.99,16.88,176.68,22.82,3.8522,1,913.07,1,0.0,10.8132,8.98,1,3,0.0,0
Angry,100.06,36.18,122.45,45.88,7.8599,0,873.19,2,0.096872,9.7936,13.89,4,0,101.76,3
Anxious,117.64,47.15,185.39,89.12,2.9533,5,1289.61,7,0.090753,6.7331,15.48,1,0,1039.04,4
Anxious,120.25,44.24,277.55,80.8,2.8251,3,1036.3,8,0.081091,5.3554,17.55,1,1,727.09,4
Anxious,111.96,36.23,254.46,105.84,2.751,3,1768.6,5,0.076718,7.5452,10.06,3,3,725.8,4
Happy,102.32,7.62,186.35,29.37,4.7406,0,1265.9,1,0.033796,9.911,15.02,3,2,119.79,1
Anxious,135.12,36.92,247.94,93.18,2.0525,6,984.99,10,0.200508,8.5135,12.83,1,1,574.93,4
Angry,89.38,32.15,136.93,51.92,5.5202,0,953.0,4,0.145845,14.6528,11.24,2,2,11.29,3
Happy,103.6,15.82,192.9,39.75,5.5185,0,1163.27,1,0.005318,11.7561,15.61,1,0,37.87,1
Sad,173.74,21.18,231.48,59.5,1.9912,3,1365.0,1,0.082023,5.2963,30.4,0,2,1915.47,2
Calm,157.3,18.15,228.65,23.54,3.966,2,1084.81,0,0.014921,9.1548,23.87,1,2,69.55,0
Happy,99.55,10.32,128.43,28.96,4.5429,0,1194.04,0,0.032166,10.4282,10.79,3,2,72.96,1
Sad,138.73,19.74,295.91,41.41,1.5785,5,622.06,0,0.04082,4.1224,15.3,0,0,1462.43,2
Happy,116.43,18.24,195.8,12.66,5.4697,0,1234.53,0,0.020724,9.772,16.06,1,1,157.59,1
Happy,115.7,17.46,145.1,28.37,5.7155,0,926.2,0,0.013723,13.1689,17.44,3,1,125.58,1
Calm,116.6,23.55,241.47,24.07,3.5476,0,1502.25,2,0.0,11.2811,18.09,1,1,126.25,0
Anxious,129.38,40.92,215.49,87.95,3.6203,4,779.34,10,0.130671,7.097,26.75,0,1,662.23,4
Anxious,80.0,33.66,322.0,133.91,4.4124,2,1264.36,6,0.154467,7.0903,16.34,1,3,503.59,4
Anxious,102.6,47.32,203.12,107.7,3.873,3,1137.25,5,0.13607,8.1181,18.87,0,1,437.3,4
Happy,96.1,14.66,173.21,30.5,5.8513,0,1224.09,0,0.007029,9.0997,10.15,2,2,47.98,1
Calm,116.54,11.12,240.43,22.36,3.0615,0,1295.9,1,0.044023,7.2952,23.63,3,1,179.86,0
Angry,85.06,16.66,171.56,56.43,7.029,1,973.77,5,0.118493,12.4258,8.45,6,2,105.63,3
Sad,197.58,28.49,339.76,57.08,2.0549,3,1321.74,2,0.013082,5.5821,15.52,0,2,1889.18,2
Happy,103.76,9.7,165.1,6.55,4.9464,0,662.48,1,0.040837,15.0991,8.04,1,3,107.84,1
Calm,123.28,11.78,210.85,22.29,3.8349,0,872.49,0,0.034478,8.9481,8.0,1,1,22.88,0
Angry,89.7,24.82,131.81,51.48,5.0255,0,1471.78,4,0.104754,14.369,15.24,2,0,99.78,3
Sad,153.06,20.82,395.75,43.28,2.3639,4,1957.42,0,0.084244,4.5235,33.27,0,2,2370.25,2
Anxious,113.16,30.09,223.92,135.02,3.1358,6,681.03,5,0.154583,6.815,21.39,3,2,822.33,4
Calm,136.62,8.01,205.67,34.33,4.3853,0,1120.0,0,0.022588,9.1293,14.24,0,1,277.43,0
Happy,109.72,12.91,149.1,14.03,5.2837,0,807.72,1,0.027761,13.0013,16.02,0,1,182.45,1
Calm,138.49,8.81,219.78,26.33,3.9777,0,1005.19,2,0.031573,8.376,18.84,1,1,0.0,0
Happy,97.85,9.4,133.95,20.87,4.9688,0,1817.58,1,0.006658,13.3861,22.09,1,1,140.39,1
Anxious,135.91,26.8,198.27,77.77,3.087,7,1075.43,4,0.134309,7.0465,18.96,1,2,100.0,4
Happy,100.07,12.92,120.84,27.58,5.279,0,1036.96,0,0.020587,12.6227,14.32,2,2,49.56,1
Happy,107.92,7.07,178.49,43.47,5.8265,0,1586.39,0,0.00498,8.9832,18.74,2,1,71.81,1
Anxious,92.01,30.25,263.05,121.44,3.04,6,1648.85,8,0.223263,5.5655,17.12,0,1,403.85,4
Angry,64.85,25.6,95.69,50.45,6.1573,0,1601.2,5,0.129228,11.702,11.68,3,2,121.56,3
Sad,179.98,8.0,506.32,72.45,2.2073,6,1699.02,0,0.047198,4.3482,27.34,0,2,2295.23,2
Anxious,104.5,50.35,235.42,45.0,3.9626,3,1044.34,10,0.12128,6.9952,25.56,0,2,305.63,4
Sad,169.0,21.91,388.07,45.4,2.3523,6,1377.86,1,0.027483,4.6745,33.04,0,1,2457.26,2
Anxious,128.55,25.0,237.36,98.59,4.5611,3,1163.69,8,0.087611,9.9056,20.4,2,1,820.55,4
Happy,97.71,18.22,160.86,15.88,5.6238,0,1118.93,0,0.032386,12.2109,7.0,1,1,110.68,1
Sad,135.0,21.01,379.87,36.98,1.866,6,1361.71,1,0.07446,4.0577,34.15,0,3,1218.01,2
Calm,100.81,18.86,250.36,24.37,2.9452,0,1698.44,2,0.072845,10.2602,21.39,1,0,389.29,0
Calm,114.04,8.08,159.23,14.56,3.439,1,1584.49,2,0.024852,10.3574,26.06,1,1,358.41,0
Angry,74.07,46.94,174.2,72.97,4.1478,1,1310.88,3,0.155832,14.1842,11.65,5,2,0.0,3
Calm,133.56,17.56,229.63,26.13,3.5219,0,828.27,0,0.056348,8.1681,22.75,1,3,362.87,0
Happy,99.27,14.11,152.29,18.02,3.5,0,1261.22,0,0.011534,10.7952,13.65,3,1,122.94,1
Anxious,119.93,57.51,176.49,90.51,2.4606,2,1132.37,3,0.115914,7.9744,35.0,1,1,708.75,4
Happy,108.42,10.29,190.58,16.41,4.2094,1,983.0,1,0.000512,12.5309,15.9,2,2,87.72,1
Calm,102.21,11.35,287.2,42.21,4.4186,0,1145.88,0,0.018994,8.299,10.48,2,2,105.99,0
Sad,193.06,21.25,314.47,53.6,2.6515,3,1913.71,1,0.081026,4.2264,29.84,1,3,2338.91,2
Happy,92.13,15.31,129.75,18.65,5.829,0,1058.19,0,0.01982,8.0578,12.6,3,1,198.83,1
Angry,81.66,36.08,128.54,54.97,5.5186,0,1386.74,2,0.123705,10.8372,15.1,4,2,0.0,3
Angry,91.0,50.27,148.95,28.42,6.6533,0,1361.74,4,0.116973,12.6943,12.97,4,1,38.42,3
Angry,57.18,34.37,125.95,58.83,7.3884,0,1554.18,1,0.088174,16.476,13.82,2,2,116.01,3
Anxious,117.99,51.19,275.22,45.0,3.7818,3,1459.76,10,0.087715,7.3113,19.58,3,1,327.19,4
Calm,146.62,12.62,247.38,26.23,4.0168,0,1007.55,2,0.029062,6.2115,23.38,0,1,175.54,0
Sad,230.16,23.6,473.51,51.83,1.7417,3,1452.38,0,0.049506,2.8116,34.99,1,1,1845.63,2
Calm,116.13,9.68,262.64,35.46,3.9047,0,1419.23,1,0.008932,10.1331,19.81,1,0,600.0,0
Sad,182.27,12.91,370.51,62.15,2.2281,3,1397.7,0,0.046826,4.1626,28.27,1,1,906.71,2
Sad,167.09,10.9,297.93,55.69,2.1992,3,842.36,0,0.016463,3.6772,32.94,1,1,2130.57,2
Angry,67.17,39.68,130.21,46.13,6.403,0,1342.93,4,0.165154,12.5431,12.1,6,3,87.75,3
Happy,75.0,8.75,160.3,14.27,6.1694,0,1456.83,0,0.020702,10.2967,12.77,3,1,234.9,1
Happy,83.22,3.91,147.63,23.43,4.6666,0,886.37,0,0.009286,7.0,8.46,0,3,313.93,1
Angry,94.88,33.06,121.7,55.11,5.8357,0,1267.09,1,0.089346,13.9266,16.11,5,1,144.36,3
Calm,137.79,13.72,171.15,25.86,3.9181,0,822.73,2,0.050942,9.0717,17.12,1,1,177.31,0
Sad,177.45,16.87,328.27,34.91,2.6664,3,1057.94,1,0.049805,6.0064,44.81,0,3,1865.64,2
Happy,104.26,4.02,149.13,6.0,4.4714,1,1640.15,0,0.024798,9.3353,7.14,1,3,72.36,1
Angry,56.37,26.14,124.24,59.12,6.4836,1,1188.3,1,0.120935,13.4283,11.44,3,0,87.5,3
Calm,149.49,17.07,202.35,30.86,3.7568,1,1256.91,0,0.004106,8.837,19.07,1,2,252.72,0
Happy,100.06,5.43,169.84,16.23,4.1264,0,1026.36,0,0.048249,9.748,11.74,0,0,200.19,1
Calm,103.55,17.79,255.12,31.34,4.4021,2,1001.41,2,0.053217,9.8989,14.24,0,3,360.52,0
Happy,114.21,10.47,190.11,15.51,4.3942,0,921.46,0,0.023419,10.947,13.2,1,3,110.82,1
Sad,166.24,18.94,220.0,43.47,1.5957,2,1340.49,1,0.053341,5.6496,25.9,0,1,1675.73,2
Anxious,115.73,29.8,286.17,91.26,3.3979,6,1610.04,5,0.08094,6.684,34.47,1,1,542.7,4
Angry,99.92,23.06,127.93,69.49,5.2576,0,945.88,1,0.115474,11.0229,9.32,6,1,61.14,3
Angry,84.92,48.46,141.7,75.58,6.355,0,897.42,2,0.062291,11.1731,8.96,3,3,0.0,3
Happy,108.86,14.47,191.64,15.87,4.994,0,1385.33,0,0.012712,9.3153,18.65,3,2,19.62,1
Happy,118.2,12.32,144.84,22.21,5.2526,1,1597.41,0,0.036782,10.259,15.57,1,2,105.69,1
Sad,135.0,14.85,344.39,38.4,2.307,3,954.65,2,0.052476,5.4711,32.99,0,1,2449.53,2
Sad,136.73,8.0,399.75,31.05,2.1489,6,1709.69,0,0.058588,3.4803,30.06,0,3,2004.71,2
Happy,98.01,21.92,228.33,29.05,5.6145,0,1674.16,1,0.020857,9.7433,11.73,2,2,166.34,1
Angry,81.64,30.4,185.0,61.33,4.251,0,1384.17,2,0.12073,15.2962,12.52,4,2,77.25,3
Sad,147.07,13.67,325.11,43.16,1.9579,6,1244.32,0,0.001279,6.9694,42.12,0,1,1467.48,2
Angry,74.43,20.56,101.07,100.0,6.5154,0,1192.1,5,0.092646,11.6433,8.21,5,1,84.14,3
Calm,129.21,22.44,231.33,33.91,3.4821,1,1068.98,0,0.024819,9.5446,8.0,0,3,160.32,0
Calm,109.63,15.07,193.7,45.96,3.0823,0,1338.65,0,0.0,7.9408,18.58,0,0,313.14,0
Anxious,128.86,37.96,190.57,125.29,3.4792,6,1416.69,3,0.205791,10.3052,20.36,0,1,526.61,4
Angry,89.42,15.65,130.84,70.88,4.8467,0,1395.71,2,0.080499,13.9529,16.72,2,0,65.73,3
Happy,96.38,12.67,158.35,24.08,3.553,0,1264.65,0,0.028436,9.611,12.67,0,0,0.0,1
Anxious,138.25,41.74,241.53,96.09,3.647,4,1133.47,6,0.179557,8.2183,24.1,2,2,1119.53,4
Happy,107.1,10.29,195.06,31.18,5.6848,0,1334.07,1,0.054605,11.2681,23.84,0,3,150.48,1
Angry,77.3,31.02,128.88,37.39,6.16,1,1561.51,1,0.130431,13.2652,11.55,3,0,54.6,3
Angry,72.36,30.06,93.76,64.8,4.7792,0,1130.64,5,0.096069,13.556,8.33,3,3,37.16,3
Sad,206.24,24.14,367.97,50.19,2.1914,4,1521.56,2,0.037279,4.4203,36.62,0,0,1860.06,2
Anxious,111.43,49.77,247.92,93.39,3.7229,6,1336.2,3,0.058804,5.8796,13.32,0,2,859.15,4
Calm,126.47,4.65,191.19,27.6,3.6528,0,1325.52,1,0.041895,8.7647,16.71,2,1,300.57,0
Anxious,135.13,43.24,219.26,96.87,2.068,2,1410.66,10,0.159102,6.6159,22.67,1,1,420.38,4
Sad,163.33,21.12,410.09,30.83,1.6926,3,1294.87,0,0.059024,4.6552,46.85,0,2,1188.11,2
Anxious,118.16,48.77,232.87,73.75,2.5339,4,1121.3,3,0.194066,8.7135,18.94,2,0,100.0,4
Anxious,126.37,32.39,243.41,127.38,3.4468,5,613.54,10,0.110599,8.3455,18.13,0,1,960.15,4
Anxious,121.46,46.65,306.03,81.76,2.5234,3,1212.55,5,0.073064,6.6701,20.12,3,1,881.86,4
Calm,122.72,10.77,202.79,33.84,4.3492,1,1058.99,2,0.050606,8.2447,16.66,0,3,324.42,0
Sad,208.57,20.76,313.51,23.54,1.4615,4,1177.29,0,0.042497,4.9292,32.77,1,2,1301.13,2
Calm,113.61,14.91,226.79,27.96,3.6659,0,1269.02,1,0.010207,7.5311,21.19,3,0,206.14,0
Anxious,145.34,41.18,240.94,63.01,3.3865,4,900.79,5,0.114696,7.1522,19.47,0,2,433.94,4
Sad,175.04,27.88,372.63,36.01,2.3697,3,859.12,2,0.058735,4.2072,43.91,0,2,1836.74,2
Happy,113.69,9.34,152.72,22.31,5.2994,0,956.14,0,0.037763,7.9702,12.2,3,2,112.88,1
Anxious,116.39,53.33,270.38,80.48,3.4779,7,1810.9,10,0.106473,7.8444,22.54,0,3,928.69,4
Sad,247.9,29.83,415.83,53.12,1.6952,6,1334.42,0,0.027373,3.9878,29.57,0,3,1874.03,2
Angry,74.84,45.6,146.92,94.79,5.1032,0,1004.22,2,0.081158,12.9025,9.82,8,0,12.39,3
Happy,99.84,15.52,181.29,32.79,4.9167,0,960.0,1,0.01093,9.1044,14.68,1,2,60.19,1
Happy,109.8,18.08,163.42,21.91,6.0176,1,1006.37,0,0.041753,9.844,11.12,2,1,178.45,1
Sad,181.98,19.55,381.98,50.11,2.2862,3,734.51,0,0.054019,2.856,43.82,0,0,1947.7,2
Sad,193.04,18.76,439.14,45.16,2.3698,2,884.64,0,0.065819,4.4504,30.54,0,0,1955.27,2
Sad,135.0,28.59,284.31,48.95,2.5007,3,1223.73,1,0.012424,5.406,38.43,1,2,1730.01,2
Anxious,94.3,57.79,231.23,67.29,3.6834,7,1520.61,7,0.129554,5.8904,25.48,1,0,783.52,4
Anxious,130.94,52.09,202.54,118.74,3.6716,4,959.05,8,0.139382,9.4459,20.36,0,2,433.89,4
Sad,169.68,19.54,336.77,42.72,1.8202,6,1261.67,0,0.051572,4.287,25.3,0,1,1464.65,2
Anxious,148.56,38.73,230.01,147.9,3.9776,6,1563.23,5,0.15718,10.2512,10.0,1,1,431.8,4
Happy,99.19,6.29,145.78,25.77,5.1244,1,1519.18,0,0.020578,12.0869,11.41,1,2,48.75,1
Anxious,110.28,75.0,194.53,62.11,2.1226,3,1038.85,6,0.106196,7.5273,19.4,0,0,617.01,4
Sad,188.04,18.57,296.19,51.17,1.6958,3,1370.11,1,0.052833,2.0,44.69,0,2,1604.62,2
Calm,117.74,10.04,211.78,22.29,4.3588,0,1611.85,1,0.016568,8.522,21.8,0,3,329.36,0
Calm,126.45,5.65,219.23,38.74,4.2746,1,1143.26,1,0.052111,6.7451,22.85,3,1,150.82,0
Happy,110.33,14.96,123.56,23.34,3.9204,0,1149.41,0,0.008027,13.0076,19.39,1,1,279.54,1
Calm,141.33,20.84,194.66,42.53,3.8666,1,1269.21,2,0.038726,6.5548,8.85,1,1,101.94,0
Calm,142.45,6.42,199.72,14.21,3.7785,0,1741.3,1,0.031536,7.6722,27.51,3,3,98.72,0
Calm,107.0,7.48,202.63,29.66,2.9129,0,1104.05,1,0.026547,8.1865,14.89,1,3,298.39,0
Happy,105.65,14.61,170.51,13.3,6.3009,1,646.12,1,0.023172,12.4722,13.59,1,1,175.36,1
Angry,92.21,30.14,133.33,73.59,5.6383,0,654.56,4,0.162567,13.6948,10.58,2,1,116.2,3
Happy,92.77,14.18,191.67,15.97,5.6423,1,756.43,0,0.035868,8.0302,14.03,2,1,0.0,1
Anxious,134.0,75.0,169.42,94.91,3.7879,4,1426.06,3,0.13243,6.4135,24.85,1,2,596.15,4
Anxious,113.6,56.53,222.54,55.69,4.472,5,1356.65,8,0.177624,6.4788,10.22,3,0,1084.83,4
Anxious,132.78,68.63,210.12,73.18,3.0761,2,1591.28,5,0.174436,7.043,14.58,3,1,100.0,4
Happy,105.35,20.09,176.36,32.66,3.9668,0,668.64,0,0.001079,8.6863,13.65,0,1,0.0,1
Anxious,125.78,46.46,252.77,55.57,3.6811,2,1508.05,5,0.183284,7.9214,11.32,0,1,621.09,4
Happy,102.63,16.05,166.1,6.0,3.5,0,1161.5,0,0.0,13.6417,7.25,1,2,27.07,1
Angry,75.94,43.53,118.69,72.41,5.7906,0,1121.29,2,0.157749,15.5438,13.5,6,2,147.14,3
Calm,129.84,15.97,184.25,33.7,3.0852,1,1435.02,2,0.049635,6.0773,13.95,3,2,123.78,0
Anxious,130.12,37.09,228.88,80.14,4.69,7,831.5,3,0.102867,8.4149,20.04,0,0,206.04,4
Sad,193.44,14.0,339.88,47.97,1.5271,3,1101.5,1,0.045726,6.0293,29.03,0,2,2405.19,2
Anxious,115.99,45.17,182.56,96.1,3.3773,6,891.14,8,0.177759,7.259,21.01,3,0,675.26,4
Sad,189.84,15.92,352.47,30.98,1.8225,2,1160.75,1,0.069759,4.4013,26.37,1,3,1858.84,2
Happy,115.34,14.9,155.83,30.34,4.0194,0,929.74,0,0.01083,7.0,8.17,1,1,72.0,1
Angry,73.09,31.46,133.08,61.8,7.3573,0,1176.62,5,0.096911,14.6518,13.63,4,2,27.19,3
Calm,111.1,23.82,192.79,30.03,3.5125,0,1071.23,1,0.045434,7.1688,19.6,1,2,103.78,0
Anxious,93.95,55.65,244.17,90.46,2.0,5,944.71,6,0.107754,6.3048,14.63,1,0,894.36,4
Sad,154.98,20.43,256.78,48.85,1.9858,3,1521.04,1,0.064918,3.2721,15.53,1,2,707.35,2
Angry,72.28,25.59,129.5,60.98,6.2235,1,1173.96,4,0.197051,12.1101,14.87,3,3,124.11,3
Angry,87.9,32.79,131.2,94.34,4.7462,0,1725.36,2,0.083768,13.1637,9.56,5,0,0.0,3
Angry,62.72,36.91,97.5,50.56,5.9821,0,1023.86,2,0.048822,9.4637,14.64,8,1,157.74,3
Anxious,80.0,50.98,192.14,58.05,3.1358,2,500.0,4,0.114855,5.8035,10.0,2,2,959.65,4
Angry,59.52,26.08,117.42,55.36,6.4986,0,1614.63,5,0.146613,12.3955,13.58,3,2,133.47,3
Happy,107.85,12.08,193.96,22.38,5.4581,0,1494.8,0,0.003529,10.1763,10.61,2,1,0.0,1
Angry,76.19,43.1,148.51,35.78,5.4695,1,1899.19,3,0.17606,11.3593,9.7,5,2,105.61,3
Happy,122.87,16.43,146.7,21.99,5.4291,0,1024.36,1,0.031257,10.356,13.24,3,3,82.89,1
Happy,84.15,8.82,141.71,7.38,5.359,0,1387.94,0,0.009927,12.403,11.78,3,3,73.27,1
Happy,84.4,13.27,146.16,9.05,4.5294,0,895.52,0,0.022043,12.888,7.0,3,3,97.74,1
Sad,157.53,15.7,279.87,52.15,1.635,2,1151.87,2,0.033662,4.6652,34.97,0,0,1271.67,2
Calm,121.73,15.35,216.33,24.92,2.6487,0,1077.89,2,0.026186,7.7667,17.83,1,1,196.16,0
Anxious,132.9,35.48,239.4,112.32,3.7458,6,1179.17,6,0.05638,7.4147,20.47,1,2,415.35,4
Sad,169.48,25.69,335.37,19.35,3.0865,3,1353.74,0,0.056014,3.7456,28.54,1,0,1178.91,2
Happy,118.01,10.71,222.59,25.48,4.401,0,1401.1,0,0.02956,11.8229,15.48,0,1,103.07,1
Happy,102.81,8.89,201.27,6.1,5.034,0,1245.57,0,0.037911,12.0149,21.09,0,1,96.17,1
Happy,112.5,12.35,151.52,28.29,6.0143,1,1236.04,1,0.041667,9.2078,20.4,0,0,154.52,1
Anxious,90.44,54.16,219.28,111.94,3.3809,5,1547.56,6,0.137496,7.8217,21.02,2,2,476.44,4
Angry,78.0,26.45,139.33,80.69,4.855,0,1392.56,4,0.149286,14.2467,16.53,5,2,144.05,3
Sad,183.11,25.23,347.22,67.99,2.8056,2,1086.03,1,0.018629,5.1064,29.81,0,1,1702.15,2
Angry,70.03,28.49,104.14,100.0,6.9135,0,1553.01,4,0.088537,11.1283,8.47,4,0,22.84,3
Happy,86.9,8.81,202.73,23.81,3.8823,0,1172.35,1,0.044965,9.9216,11.94,3,2,169.07,1
Sad,195.4,13.98,418.8,25.07,2.5209,3,793.76,1,0.037755,4.5451,20.08,0,3,1745.29,2
Anxious,113.07,49.63,154.7,72.65,4.9258,4,1041.2,3,0.15683,10.4234,21.96,3,0,943.64,4
Calm,120.18,12.08,239.48,35.08,3.6068,1,1557.75,0,0.005448,9.051,9.69,0,2,112.59,0
Happy,75.0,8.65,144.13,13.93,3.5,0,1574.64,0,0.015263,11.4477,17.24,2,0,27.02,1
Happy,85.39,15.16,170.92,14.14,5.944,1,1052.31,0,0.0,11.3325,15.97,1,2,42.8,1
Anxious,114.99,39.94,237.32,118.26,4.138,7,1241.14,8,0.194224,8.7765,25.53,1,3,752.9,4
Angry,62.61,36.42,111.07,50.62,5.437,0,1771.12,5,0.128475,15.959,12.21,2,2,19.25,3
Anxious,109.4,45.04,221.87,77.17,3.9454,3,1452.99,7,0.150334,8.2878,13.45,0,0,232.25,4
Anxious,94.5,28.3,233.4,116.79,3.9411,5,1173.91,4,0.163667,8.6752,10.46,1,2,1037.42,4
Angry,104.22,37.18,123.47,74.01,5.3941,1,670.09,1,0.108474,14.1331,6.0,3,1,110.32,3
Calm,143.57,15.89,210.89,33.73,3.1142,1,1083.87,2,0.057283,7.3723,16.57,1,1,367.15,0
Happy,85.26,9.75,142.71,20.42,3.5,0,1770.49,1,0.020124,12.0984,7.0,2,2,126.14,1
Sad,185.73,24.37,459.11,40.71,2.9688,3,1865.53,0,0.058278,2.8755,47.04,0,1,1889.84,2
Happy,114.55,13.39,179.66,25.86,5.5993,0,1546.3,1,0.044029,13.4233,21.38,1,1,27.66,1
Happy,119.69,12.85,171.9,32.05,5.9756,1,1212.42,0,0.016528,14.1942,13.76,3,2,4.37,1
Angry,89.3,27.07,129.51,47.62,5.8702,1,1060.57,4,0.115313,12.9618,13.95,5,2,82.57,3
Calm,126.05,28.0,238.07,27.84,3.8551,1,1645.23,1,0.060015,11.5923,19.34,0,1,200.18,0
Calm,135.19,5.21,242.83,25.18,3.625,0,1104.69,1,0.009544,9.3795,22.76,0,1,600.0,0
Sad,208.18,23.87,317.5,36.94,2.4321,5,1446.66,0,0.040544,4.8537,21.51,0,0,3073.63,2
Angry,78.52,25.98,114.1,48.01,6.947,1,1051.41,1,0.09622,11.9846,9.28,3,1,56.07,3
Sad,218.62,32.97,385.66,47.5,2.4257,4,886.64,1,0.014818,3.0478,37.45,1,2,2888.05,2
Anxious,107.8,58.04,279.89,108.03,4.429,6,1354.28,4,0.106149,10.703,21.26,0,0,795.07,4
Sad,221.99,11.88,319.64,44.48,1.7442,3,857.0,0,0.086971,4.8361,21.81,1,1,2283.46,2
Calm,118.98,11.96,188.9,42.4,4.0477,0,957.52,0,0.078795,8.5925,17.45,3,0,29.18,0
Anxious,89.45,73.19,186.45,63.84,2.9879,5,1415.43,4,0.05,6.2078,14.23,1,1,501.55,4
Sad,135.6,29.68,443.31,45.15,2.483,3,1679.5,2,0.07212,5.1334,23.35,0,2,1683.72,2
Anxious,97.57,43.88,220.3,54.04,3.2018,5,1508.82,5,0.098109,9.1418,19.37,0,0,734.73,4
Calm,106.28,12.9,213.19,24.12,4.6137,0,791.05,1,0.007607,7.9005,21.36,0,0,306.25,0
Calm,128.66,8.35,171.61,36.72,4.5843,2,1175.54,1,0.057514,8.0933,15.95,1,1,338.93,0
Anxious,95.5,40.06,242.87,92.98,2.0568,3,1511.31,5,0.131065,9.3806,26.1,0,0,1236.25,4
Anxious,142.11,35.99,199.05,82.36,2.5165,3,1262.13,10,0.172337,6.7512,16.78,0,1,347.47,4
Angry,90.45,32.3,145.71,44.58,4.9681,0,1336.24,1,0.149641,10.5512,11.02,5,1,83.64,3
Happy,130.0,6.79,163.9,27.84,5.0259,0,1161.51,0,0.0,8.4193,14.72,3,1,184.12,1
Angry,76.69,41.58,101.16,51.87,5.8821,1,1085.67,5,0.110539,13.6775,12.34,3,1,22.15,3
Happy,96.13,20.1,129.68,6.0,4.9755,0,1142.57,0,0.010018,11.5113,14.02,1,0,144.3,1
Anxious,105.76,66.18,295.17,145.16,2.7901,3,1541.94,8,0.163737,8.3078,27.25,1,3,698.78,4
Angry,76.0,46.71,90.31,57.73,6.906,0,1681.67,3,0.136684,12.2673,11.69,6,2,0.0,3
Happy,94.16,15.77,171.51,30.7,4.1837,1,997.32,0,0.0,13.5134,22.2,3,3,29.67,1
Angry,79.03,32.88,94.86,59.36,5.9955,1,1366.75,4,0.129513,10.6741,16.62,2,1,34.48,3
Anxious,111.67,40.81,182.37,77.88,3.0809,7,1711.91,8,0.161649,8.7624,26.77,2,3,580.69,4
Calm,131.07,8.7,230.89,22.69,2.7422,2,1255.42,0,0.057602,9.092,17.81,0,1,342.13,0
Anxious,124.05,40.67,225.89,105.2,3.7555,3,1239.38,6,0.157481,7.3825,22.52,0,2,578.57,4
Calm,141.25,14.03,236.09,28.96,4.1886,0,1331.54,1,0.031193,9.3074,16.88,0,0,15.57,0
Sad,214.01,28.21,251.56,35.28,1.3303,5,864.99,0,0.0,4.9827,33.85,0,1,1453.6,2
Happy,85.68,11.03,168.63,6.07,5.213,0,1319.48,0,0.035967,8.8727,16.52,0,0,0.0,1
Anxious,142.35,32.81,281.57,45.0,2.9594,3,748.79,6,0.171762,9.5768,20.12,1,1,491.35,4
Sad,171.61,15.94,379.19,64.26,1.6732,4,1600.29,0,0.0,5.3319,21.94,0,2,793.21,2
Happy,119.64,9.03,146.15,13.27,5.8409,0,1029.58,0,0.003311,9.7034,27.37,1,2,0.0,1
Anxious,127.35,38.62,287.36,103.0,3.1442,3,1456.44,10,0.09802,8.0568,14.66,2,2,152.0,4
Sad,210.19,10.14,409.42,62.47,1.7357,4,1090.04,2,0.045744,5.1116,33.04,0,2,654.03,2
Sad,175.63,24.95,333.98,39.8,2.2275,4,1242.09,2,0.016213,4.9072,20.27,1,1,1449.6,2
Calm,115.23,17.59,197.19,20.32,3.1654,0,1273.95,1,0.042944,11.0533,21.71,1,1,242.83,0
Calm,128.25,4.0,255.89,18.81,4.9114,0,1367.31,1,0.0,8.5319,24.57,3,2,233.49,0
Happy,96.47,8.87,157.58,24.32,5.8594,0,1156.46,1,0.01248,10.649,21.38,0,3,67.72,1
Anxious,131.64,51.08,218.58,88.04,4.3344,3,866.02,4,0.219906,9.781,24.8,2,3,405.89,4
Calm,105.2,16.39,218.15,25.53,3.9285,2,1331.85,0,0.017973,8.0623,8.1,2,2,561.89,0
Happy,93.96,9.07,160.3,14.58,5.887,0,1154.18,1,0.045207,7.9031,14.99,0,2,92.44,1
Calm,140.81,14.23,250.67,23.38,4.7138,1,1205.88,0,0.017061,10.1088,16.25,1,1,274.5,0
Happy,101.65,12.93,183.47,21.53,5.0432,0,1239.1,1,0.035454,10.8473,16.67,1,3,322.1,1
Sad,173.82,18.9,437.25,15.0,1.9062,5,1108.35,2,0.072663,3.6621,20.66,0,3,1687.98,2
Angry,69.77,42.23,160.57,38.29,5.7723,1,1088.23,2,0.080522,16.2161,14.75,6,2,56.95,3
Happy,119.3,9.42,165.41,28.55,4.5933,0,1342.39,1,0.016973,9.864,9.76,2,0,255.57,1
Calm,121.97,9.85,260.89,49.63,3.7553,0,913.82,1,0.068281,10.8149,18.54,0,1,123.66,0
Sad,169.83,28.38,393.5,25.66,1.8749,3,1294.91,2,0.040555,4.294,15.0,0,1,1820.67,2
Calm,116.0,15.56,262.57,30.24,3.6206,0,1341.72,2,0.021438,11.5091,10.08,2,2,231.99,0
Calm,157.0,10.22,173.34,34.82,3.3149,0,1464.7,0,0.037639,7.2727,26.06,1,2,84.63,0
Happy,112.66,14.71,169.02,25.04,4.3864,0,1269.8,1,0.003401,12.6724,11.45,2,0,166.76,1
Calm,148.79,5.97,194.26,23.11,4.6867,0,824.88,2,0.023567,9.6675,15.58,3,0,0.0,0
Anxious,101.17,59.24,163.38,85.34,2.5329,6,1254.77,6,0.140028,5.6875,35.0,0,1,602.46,4
Angry,61.31,31.2,144.45,61.89,4.6975,0,500.0,2,0.141099,10.4033,10.42,8,0,154.87,3
Anxious,95.25,51.0,240.96,91.37,3.5743,4,990.39,4,0.05,12.0,21.64,0,0,579.54,4
Happy,101.13,14.56,199.88,6.0,4.1206,0,1195.96,1,0.013558,10.6821,12.16,0,0,166.62,1
Happy,102.99,10.71,176.78,17.33,5.0453,0,1286.47,1,0.038317,8.559,7.67,0,0,0.0,1
Sad,219.39,20.7,320.68,47.39,2.116,6,1388.08,0,0.025628,5.2189,30.28,0,1,2167.94,2
Anxious,142.16,42.94,245.55,104.75,2.5911,6,1149.87,10,0.194464,9.4943,16.66,2,3,100.0,4
Anxious,103.67,40.98,196.32,134.51,2.4649,7,828.69,6,0.187211,6.8201,26.71,1,1,247.42,4
Calm,110.93,17.11,266.3,24.91,3.6595,2,1377.54,0,0.03787,7.2412,16.48,2,2,184.11,0
Angry,71.47,42.83,138.3,50.23,5.3509,0,1276.71,4,0.143742,11.9072,11.29,8,3,129.23,3
Sad,156.39,20.36,351.52,60.63,2.1219,3,1410.07,2,0.034488,4.7184,28.96,0,3,1334.74,2
Calm,129.61,13.05,172.47,29.47,3.9566,0,1596.39,2,0.0,8.3174,20.21,1,3,227.58,0
Happy,97.71,12.81,149.15,19.41,5.0885,0,1293.45,0,0.024592,9.6101,13.67,0,2,34.42,1
Happy,94.19,11.11,210.21,13.91,4.8412,0,1106.82,0,0.036227,14.342,14.49,2,1,155.61,1
Anxious,120.84,35.7,291.63,55.74,2.8061,6,1297.71,3,0.119649,6.2266,26.3,0,3,264.76,4
Angry,94.48,25.12,162.0,30.44,4.0,0,1298.96,5,0.120655,13.3773,12.99,3,3,0.0,3
Happy,87.05,10.05,156.99,11.01,4.8534,0,1247.33,0,0.027264,10.9747,14.34,2,1,130.49,1
Angry,81.41,15.77,150.62,61.18,6.862,0,767.67,3,0.118363,9.0,10.61,4,0,186.06,3
Happy,107.07,13.68,163.21,19.85,5.5209,0,1436.6,0,0.028006,11.252,14.53,3,1,16.87,1
Sad,176.37,26.39,309.74,25.26,2.0307,5,1252.35,2,0.042811,4.6622,30.68,0,2,1490.68,2
Calm,129.86,14.5,199.09,23.54,4.4857,1,930.36,0,0.034022,9.2704,24.33,1,1,200.03,0
Anxious,120.1,47.94,231.5,87.0,3.7819,4,1131.99,5,0.102595,7.668,10.0,0,2,256.61,4
Happy,120.72,10.27,182.49,15.63,4.4552,0,1065.31,1,0.050157,10.1359,13.91,1,1,97.36,1
Sad,199.44,28.75,315.93,35.86,3.0513,2,853.34,0,0.0523,3.9204,35.35,0,1,1586.89,2
Calm,160.0,16.57,254.88,19.05,4.1255,0,1664.71,0,0.019295,6.8452,12.66,0,0,270.15,0
Calm,99.3,12.65,208.81,45.98,3.2697,1,1198.32,1,0.029607,8.2293,28.37,1,3,203.37,0
Angry,90.01,45.15,119.92,60.35,6.1558,0,1532.31,5,0.132254,10.2676,8.25,8,2,31.42,3
Calm,134.93,9.22,176.13,22.69,4.0143,0,1199.79,2,0.023015,9.3888,22.48,0,2,340.64,0
Angry,90.56,51.37,147.56,59.63,4.7843,0,1299.2,3,0.148384,10.6886,16.39,5,3,133.93,3
Sad,145.05,22.4,329.8,45.1,2.4628,6,1566.78,0,0.046962,5.0521,35.15,0,2,1228.36,2
Angry,89.23,38.21,152.42,51.29,4.5407,0,953.23,4,0.136233,14.3318,14.11,6,1,47.19,3
Happy,93.91,18.45,167.78,28.27,5.0909,0,1175.74,1,0.047456,13.7939,26.59,2,2,187.57,1
Happy,118.2,13.88,145.67,34.58,5.4957,0,695.89,0,0.017248,11.8578,15.89,1,3,85.56,1
Happy,78.87,20.14,203.65,24.57,4.0972,1,1123.24,0,0.013556,12.8733,12.41,1,1,0.0,1
Angry,99.47,29.51,182.73,73.49,5.3498,0,1558.73,1,0.149653,12.6935,12.33,3,2,150.69,3
Happy,107.03,15.96,207.44,13.86,4.4616,0,823.16,1,0.004121,12.5679,11.07,2,3,15.24,1
Sad,205.07,16.0,335.12,24.35,1.7192,4,1548.99,0,0.046391,3.7024,33.07,0,2,2070.47,2
Happy,108.81,8.49,174.03,19.0,4.3977,0,1193.23,1,0.036744,10.8549,17.1,1,2,105.15,1
Anxious,127.05,32.15,285.33,92.5,2.3789,5,906.79,7,0.133319,6.2485,10.97,3,3,850.48,4
Anxious,115.18,58.86,275.39,79.0,2.7067,3,1262.33,3,0.137205,5.429,15.03,2,2,604.74,4
Angry,91.79,35.8,120.58,51.68,5.1387,0,1198.47,1,0.114205,12.611,13.49,2,1,113.81,3
Sad,156.82,18.02,303.72,31.67,1.5424,4,1066.87,0,0.016174,3.4224,31.25,0,0,3500.0,2
Sad,216.78,24.38,339.52,67.94,1.9711,2,500.0,1,0.0,3.9747,15.0,0,2,2024.91,2
Happy,110.21,13.74,170.23,32.15,5.4575,0,1088.26,1,0.022666,10.0753,17.86,1,2,113.37,1
Sad,193.27,24.52,239.21,48.36,2.7328,5,918.69,1,0.012854,2.3355,24.9,0,2,1852.25,2
Anxious,133.55,62.98,265.38,82.93,2.8063,3,1407.67,3,0.198963,7.5851,25.69,2,2,653.4,4
Sad,187.57,14.58,306.35,58.41,2.0422,5,858.79,2,0.018212,5.8427,45.37,0,1,1783.31,2
Calm,132.71,13.29,172.66,23.21,4.2605,2,1027.92,0,0.042703,5.5505,9.92,1,3,0.0,0
Calm,109.96,11.94,288.97,39.17,3.3714,1,905.65,0,0.050196,6.4651,15.04,0,1,0.0,0
Sad,256.73,18.56,417.63,67.51,1.7468,4,1147.7,0,0.009494,7.4981,36.86,0,2,1747.69,2
Sad,205.08,10.75,363.79,28.58,2.0848,5,1505.64,0,0.041971,5.0273,36.83,1,2,1684.8,2
Sad,157.83,29.56,341.17,49.76,1.0318,3,1232.41,2,0.050507,3.5227,33.54,0,2,1940.44,2
Sad,230.77,29.71,335.83,15.4,2.0206,3,1021.81,0,0.048132,4.2044,21.79,1,0,1377.6,2
Angry,70.53,34.59,133.64,53.98,6.9824,0,906.53,4,0.105902,14.5308,15.92,5,2,58.46,3
Anxious,122.25,47.13,274.89,100.66,3.896,6,930.19,3,0.133535,4.0,18.28,1,1,730.47,4
Happy,92.76,15.1,125.6,22.87,5.4299,0,969.19,0,0.028404,10.4237,18.23,2,2,165.5,1
Sad,217.4,10.09,346.68,51.44,1.3441,2,1062.89,0,0.082159,4.0822,44.6,1,1,944.28,2
Anxious,119.91,39.36,249.98,47.41,2.0,5,841.47,8,0.156263,8.3774,20.06,1,2,923.15,4
Sad,145.17,17.86,237.38,51.71,2.0736,3,1012.81,2,0.0,5.5587,18.23,0,1,1581.68,2
Sad,252.76,30.83,515.75,25.33,2.6284,2,1210.45,1,0.041242,3.8801,28.72,1,2,2526.46,2
Sad,135.0,9.59,220.0,64.48,1.8721,3,1713.34,0,0.076467,2.3044,15.0,0,3,1212.64,2
Sad,137.9,15.73,324.56,25.18,2.7055,3,1194.34,1,0.011577,4.8397,38.42,0,1,2164.68,2
Angry,92.83,39.75,134.7,72.0,5.2353,0,910.62,5,0.150287,13.2536,6.88,3,1,90.3,3
Sad,205.75,21.91,245.15,53.32,1.4564,2,1050.51,1,0.028873,2.5918,33.5,0,1,1805.37,2
Sad,153.73,26.96,245.32,56.42,1.7193,4,1214.36,2,0.06648,2.9573,31.26,0,3,1837.62,2
Happy,115.57,6.47,162.88,17.48,3.8992,0,1434.36,1,0.036584,10.497,18.12,1,2,0.0,1
Happy,91.86,11.16,144.15,24.21,6.0654,0,1261.5,1,0.020918,9.09,9.48,1,1,248.88,1
Angry,100.91,35.86,129.23,29.36,5.9849,0,1377.52,5,0.161928,13.4753,13.83,8,1,62.33,3
Happy,104.68,16.99,188.43,21.54,4.2215,0,1220.86,1,0.023004,11.0847,15.71,1,0,297.14,1
Calm,119.22,19.6,248.15,39.88,2.6075,0,1306.68,1,0.047004,10.3125,20.54,1,1,77.44,0
Calm,114.22,15.86,191.65,27.54,4.1132,1,1403.81,2,0.06189,8.6005,15.19,1,3,292.37,0
Happy,102.42,10.01,156.01,27.01,4.2216,0,1347.56,1,0.006074,10.6343,15.64,2,2,8.17,1
Angry,71.23,39.28,132.03,66.02,5.462,0,1267.72,4,0.202083,16.7381,13.76,5,2,136.39,3
Angry,83.51,55.99,122.28,72.2,6.0379,0,1554.86,4,0.12725,14.6024,16.63,2,0,101.82,3
Sad,135.0,13.15,445.01,28.2,1.8673,2,1666.53,1,0.010287,4.1726,23.85,1,3,1745.01,2
Happy,90.16,12.27,159.04,37.91,5.2798,0,1021.89,1,0.034976,8.7153,15.77,0,1,105.89,1
Sad,152.74,30.1,474.04,47.69,1.6708,5,975.13,1,0.071395,3.9401,38.7,1,1,1546.74,2
Angry,79.65,32.32,119.58,20.69,6.5277,0,1253.76,4,0.091061,11.0267,16.33,2,2,205.41,3
Calm,114.84,7.94,158.92,8.0,4.0842,1,1321.29,1,0.039071,8.1945,22.05,1,2,179.39,0
Angry,72.33,32.61,152.76,79.74,6.066,0,1063.37,4,0.118701,14.2857,12.94,3,1,162.97,3
Happy,126.84,9.76,148.55,29.55,6.2448,0,1320.54,0,0.021694,12.5872,17.2,1,1,145.99,1
Angry,92.7,20.12,85.0,81.17,7.3531,0,1188.24,1,0.220218,11.024,7.08,2,2,24.49,3
Angry,74.35,52.23,159.96,26.93,6.4295,0,574.95,4,0.051762,11.4914,14.12,8,2,143.42,3
Calm,130.37,6.03,232.71,37.38,4.098,1,1414.61,1,0.057987,10.7927,19.84,0,2,365.14,0
Happy,102.92,15.36,191.04,24.46,4.3225,0,1161.7,1,0.019345,10.1669,7.77,1,1,0.0,1
Angry,93.93,36.42,100.82,36.93,5.496,0,1041.63,3,0.199348,10.9913,16.1,2,2,87.58,3
Sad,165.64,32.09,230.96,52.04,2.4248,5,1204.11,2,0.012177,3.412,17.8,1,0,1237.26,2
Anxious,96.06,47.4,165.08,70.39,3.3419,5,872.26,3,0.152392,8.8602,19.92,0,2,492.34,4
Sad,154.9,25.01,443.79,50.07,2.3495,3,1775.87,0,0.026893,5.7446,31.2,0,1,1567.38,2
Sad,212.36,10.42,346.37,38.32,2.0878,3,1073.71,1,0.025736,3.5138,32.42,0,1,2268.0,2
Sad,147.44,27.49,298.49,59.96,1.7843,4,784.51,1,0.062681,3.0966,22.24,0,1,1844.2,2
Calm,146.77,15.63,228.97,36.41,3.7537,1,1515.58,1,0.032084,6.8918,21.48,3,1,256.46,0
Calm,106.79,4.98,204.48,12.77,5.1143,0,1196.37,2,0.007073,7.8144,22.6,2,1,154.44,0
Happy,105.21,8.52,153.57,25.99,4.3592,0,1266.14,0,0.06,10.5363,10.73,1,0,22.16,1
Sad,156.24,15.65,442.95,49.2,2.0694,3,1038.84,1,0.026787,6.1683,16.21,1,1,1874.11,2
Sad,159.87,11.16,369.98,40.87,2.2389,3,1346.11,0,0.045215,5.6967,21.29,0,1,1536.76,2
Anxious,124.02,52.75,172.35,118.32,3.6508,7,1067.66,3,0.131489,9.5164,12.4,0,3,587.7,4
Calm,121.88,13.96,199.17,36.2,3.8582,1,1829.92,2,0.028568,8.6326,16.94,1,2,295.31,0
Anxious,118.85,44.06,203.4,107.81,3.0862,3,1455.69,10,0.161643,5.3687,23.9,2,2,431.01,4
Calm,116.01,11.92,169.94,32.25,3.2857,1,1466.3,0,0.05784,7.408,18.71,3,0,290.48,0
Happy,97.54,9.54,191.31,16.09,4.4092,1,1271.37,0,0.0,11.7313,12.14,1,3,87.31,1
Anxious,103.79,25.0,219.36,91.96,2.5758,2,1194.39,4,0.151221,8.2736,10.0,0,2,613.57,4
Calm,126.96,11.12,242.75,48.1,3.4129,1,1205.74,1,0.03693,5.8588,14.02,0,3,67.72,0
Happy,116.21,19.79,145.91,9.13,5.3286,0,1516.36,0,0.0,12.2218,13.52,3,3,25.88,1
Calm,111.54,5.69,180.65,46.81,3.8411,2,1259.68,0,0.038438,10.3404,19.3,0,2,229.04,0
Happy,94.75,6.45,230.73,24.56,5.2508,1,1539.54,0,0.0,11.2766,16.04,1,0,79.14,1
Sad,164.91,33.34,297.81,45.83,1.9192,5,1449.53,0,0.078208,3.5149,41.65,1,2,1447.88,2
Happy,102.48,12.58,172.5,17.44,5.6061,0,1412.86,0,0.005837,10.5498,9.02,3,2,64.16,1
Calm,117.93,4.0,225.53,46.47,3.9559,2,997.29,1,0.026539,5.0,16.46,2,2,213.3,0
Sad,187.94,29.36,370.55,55.21,2.7051,3,1224.73,0,0.051217,2.0,26.51,1,2,1384.8,2
Sad,165.56,30.44,387.26,52.15,2.112,3,1268.69,0,0.000788,5.8436,39.25,1,1,2180.81,2
Calm,122.79,14.24,224.18,22.98,4.73,2,878.68,0,0.049282,7.2597,9.26,1,0,184.52,0
Sad,174.67,14.74,409.69,25.18,1.0809,3,912.79,1,0.043381,3.4166,29.07,0,2,1068.7,2
Calm,135.35,20.01,244.48,27.1,4.378,0,1225.6,2,0.050451,6.9763,15.82,3,1,293.33,0
Calm,114.27,19.29,211.67,23.8,3.4396,0,1087.44,0,0.04227,7.7071,17.31,1,3,0.0,0
Angry,85.8,44.78,119.11,44.98,7.5255,0,1591.89,2,0.090307,13.2033,12.3,5,3,186.59,3
Calm,152.47,15.67,171.7,21.18,3.0526,2,1433.68,0,0.036396,6.1552,21.74,3,3,317.69,0
Happy,113.09,6.84,200.97,26.5,6.1483,0,1019.41,1,0.022317,9.8264,17.7,0,0,171.6,1
Anxious,109.94,37.16,236.62,88.87,3.7581,5,930.1,3,0.099985,6.2944,20.63,1,1,640.03,4
Calm,113.4,12.24,264.37,13.69,3.3478,1,1620.48,1,0.047068,7.9495,25.99,3,3,39.22,0
Angry,100.51,34.43,145.55,20.0,5.5191,0,1002.28,1,0.067006,12.3997,15.65,6,3,17.08,3
Calm,112.67,18.18,154.77,15.2,3.9365,0,1048.75,2,0.024049,10.739,12.55,2,2,413.41,0
Calm,139.39,12.9,239.18,21.47,4.0047,0,900.58,1,0.028748,5.0,16.33,3,3,64.69,0
Calm,132.73,8.66,186.79,30.22,4.7475,1,1093.79,1,0.047904,6.9328,22.0,1,1,596.65,0
Angry,82.15,47.89,129.72,84.55,6.2061,0,1475.84,3,0.07936,13.5931,18.18,4,1,115.39,3
Sad,135.0,21.86,283.74,34.33,2.8411,2,1292.53,1,0.054013,6.0631,35.36,0,1,1678.84,2
Calm,125.15,20.83,198.86,20.69,4.7388,1,1142.73,1,0.00434,12.3373,17.7,2,1,178.32,0
Anxious,126.52,48.97,181.66,116.97,3.8917,6,1866.14,10,0.231537,8.6016,26.88,1,2,421.08,4
Anxious,109.41,51.85,183.05,82.24,3.2854,5,1312.56,8,0.05,7.5078,18.0,1,3,100.0,4
Happy,95.07,12.32,164.51,24.3,4.0771,0,1102.95,1,0.03429,15.2247,18.21,1,1,12.29,1
Calm,128.48,10.02,188.23,17.3,4.2691,2,1210.25,0,0.030312,9.8261,21.9,3,1,229.6,0
Angry,92.7,50.97,119.13,48.05,4.8228,0,1096.66,3,0.091182,12.5721,13.5,2,2,84.88,3
Happy,98.12,13.72,132.06,21.41,5.2641,0,1030.06,0,0.017616,11.7236,21.56,0,1,153.79,1
Happy,106.79,17.98,147.41,28.99,4.8928,0,984.33,1,0.0,10.9391,13.81,2,2,80.72,1
Anxious,160.0,43.38,179.31,117.91,3.0251,4,1083.4,5,0.149758,10.0777,21.79,2,0,397.65,4
Sad,185.92,22.7,347.71,64.54,2.2667,6,1164.84,0,0.044729,5.441,37.05,0,2,1576.11,2
Calm,126.14,13.67,222.25,13.52,3.1626,1,1331.02,0,0.062274,8.3498,17.33,1,3,327.63,0
Anxious,124.5,55.99,214.5,89.88,2.8303,2,822.71,8,0.159357,4.9807,25.03,2,0,513.17,4
Angry,91.72,32.3,119.91,62.72,4.427,0,1364.24,5,0.141079,15.3344,14.98,3,1,0.0,3
Calm,127.26,15.24,242.42,16.42,4.2284,0,1349.32,0,0.048815,7.3012,20.5,1,0,49.67,0
Calm,123.28,13.84,260.07,34.75,3.9028,0,1339.91,0,0.020822,9.5098,20.76,3,1,370.07,0
Angry,71.94,60.0,88.55,34.77,5.7142,0,919.29,4,0.139126,9.5696,9.72,5,2,108.26,3
Calm,133.21,14.24,147.54,34.45,3.9545,2,1204.28,2,0.017525,11.3269,12.28,0,2,258.86,0
Sad,135.0,14.98,291.28,58.18,1.2805,3,1358.72,1,0.01937,6.3485,22.91,1,2,1992.83,2
Calm,144.0,13.46,210.42,19.68,3.2965,0,536.44,0,0.029489,7.3227,18.41,1,2,342.97,0
Sad,171.86,25.9,379.34,36.78,1.9481,5,977.08,2,0.071789,3.6348,20.13,0,0,1623.42,2
Sad,181.72,28.18,388.37,67.55,2.5436,5,1121.34,2,0.006901,4.4707,28.19,0,1,1633.75,2
Angry,61.94,43.5,127.55,61.99,4.8318,0,1194.58,5,0.148397,12.5535,14.66,3,1,38.54,3
Anxious,114.41,65.13,182.86,81.65,2.2923,6,1281.37,7,0.180766,6.4296,19.07,1,1,612.36,4
Calm,117.92,17.23,257.8,23.54,3.4734,1,1206.27,0,0.064551,8.7715,14.73,0,2,64.14,0
Sad,241.01,22.37,259.3,67.17,1.2011,4,1099.35,1,0.027115,4.382,28.25,0,1,1898.83,2
Sad,135.0,16.16,413.72,63.34,1.1195,3,1163.02,1,0.036391,4.1009,15.0,0,1,1321.98,2
Sad,179.46,36.61,348.78,80.0,1.8939,5,1430.53,0,0.02832,5.2392,29.71,0,3,1611.31,2
Angry,63.12,21.6,136.54,66.59,7.0498,0,1125.16,4,0.157011,11.5867,12.22,5,1,39.77,3
Angry,86.01,60.0,117.63,45.42,4.6872,0,909.01,5,0.093665,16.526,11.64,4,1,29.58,3
Anxious,119.2,66.74,245.95,51.45,2.6133,3,1026.02,7,0.171241,6.3527,20.13,3,2,1065.73,4
Happy,106.99,10.36,138.4,21.03,5.7499,0,787.48,0,0.016186,7.3467,7.41,2,1,83.16,1
Calm,138.77,18.78,243.8,22.45,3.569,1,1202.04,1,0.037916,9.1669,14.54,2,2,261.06,0
Sad,234.62,13.45,359.77,61.04,2.6039,4,1233.79,1,0.025074,5.6642,32.23,1,2,1325.2,2
Sad,167.72,19.64,350.86,15.79,1.9423,3,678.13,2,0.026985,4.0431,33.18,1,2,2304.54,2
Anxious,128.26,33.94,210.51,76.47,3.6682,2,1165.81,6,0.119699,7.16,13.75,2,2,680.64,4
Angry,66.42,31.2,114.76,44.33,5.6078,0,1248.06,1,0.16652,9.115,8.5,5,1,179.92,3
Happy,102.07,13.11,162.24,9.38,4.7828,0,1117.95,1,0.008597,12.1602,21.43,2,3,46.14,1
Anxious,96.28,59.28,245.73,115.12,4.4989,6,990.94,7,0.095717,6.6394,18.56,1,2,100.0,4
Angry,79.19,40.85,138.81,43.6,6.0256,0,1676.55,3,0.142846,13.0447,19.17,3,2,20.62,3
Angry,98.47,55.54,132.11,45.66,5.2549,0,1350.38,4,0.089984,12.1523,15.28,2,2,0.0,3
Anxious,112.95,46.24,201.77,112.12,3.2045,3,726.66,5,0.123197,10.3339,18.68,3,1,159.52,4
Sad,186.11,26.95,336.56,16.05,2.7046,6,1478.66,1,0.048158,4.298,33.19,0,2,1331.07,2
Sad,202.84,17.83,402.89,39.11,2.5698,4,1525.24,2,0.0594,4.4954,25.69,0,2,1407.5,2
Calm,117.72,19.9,224.43,28.82,3.2552,0,719.73,1,0.023593,8.127,22.88,0,0,256.57,0
Angry,80.08,24.87,120.21,94.43,5.8016,0,1206.52,3,0.097789,17.4819,13.12,4,2,135.36,3
Sad,141.42,23.98,231.57,35.33,1.0186,2,678.5,2,0.047491,6.301,24.7,0,1,2375.64,2
Sad,198.16,22.72,442.38,47.07,1.536,2,1061.78,2,0.020168,3.5861,34.93,0,2,1888.43,2
Sad,168.8,16.71,396.83,58.51,2.5179,2,1432.75,1,0.068923,4.5774,30.72,0,1,2435.22,2
Happy,112.1,13.51,156.71,32.25,5.2848,0,1561.6,1,0.00645,12.8721,7.0,0,1,100.01,1
Calm,106.43,15.02,224.68,38.44,3.489,2,1381.35,2,0.071535,7.6732,18.73,1,2,85.59,0
Calm,124.11,14.18,193.59,12.84,3.6886,2,1376.57,1,0.0,7.8438,24.7,1,0,264.79,0
Angry,83.95,29.21,115.34,81.74,6.5038,1,1339.31,1,0.117409,13.5919,13.69,8,2,79.28,3
Happy,90.75,8.66,165.09,33.56,3.8719,0,1034.56,0,0.022486,9.0016,14.88,1,2,170.53,1
Happy,87.14,22.0,146.19,25.53,4.1474,1,1185.69,1,0.009051,12.1895,12.94,2,0,244.2,1
Happy,83.02,15.95,222.86,14.14,4.9787,0,1399.36,0,0.050181,10.1708,16.85,3,2,41.4,1
Happy,114.78,12.7,158.42,17.01,4.668,0,1975.14,1,0.014037,11.7224,9.85,3,1,132.35,1
Sad,230.71,23.47,469.62,47.5,1.9332,4,1712.8,0,0.039477,4.8961,36.54,1,2,737.08,2
Happy,80.17,16.83,126.28,14.15,6.1581,0,1381.24,0,0.0,10.102,18.2,0,1,139.1,1
Calm,139.31,6.33,218.4,42.47,3.9452,0,1249.43,2,0.071505,8.9611,17.48,0,2,246.21,0
Calm,93.14,17.16,221.41,18.33,3.1575,0,1103.8,0,0.048366,8.2257,26.66,0,2,118.38,0
Happy,101.4,17.47,183.89,28.73,5.2341,0,950.03,0,0.018876,12.7518,16.87,3,2,0.0,1
Anxious,100.15,33.38,140.0,85.19,4.5818,7,844.39,8,0.122642,8.8704,23.91,1,1,963.74,4
Angry,80.78,30.5,148.16,56.64,5.4894,0,1181.11,1,0.106164,10.3007,6.0,6,3,88.6,3
Happy,75.0,18.65,126.14,36.71,4.4458,0,961.0,0,0.053844,7.8327,9.63,0,1,89.86,1
Sad,150.28,19.58,333.71,48.33,1.9902,3,1504.17,1,0.009658,6.5308,33.21,0,3,2288.82,2
Anxious,98.91,48.79,216.73,80.97,3.6531,3,1440.55,3,0.056617,7.5516,14.65,0,0,397.16,4
Angry,71.76,42.45,160.04,21.73,4.5194,0,592.33,5,0.116848,12.3339,17.74,5,2,155.73,3
Sad,164.45,16.12,292.59,52.64,1.9851,3,1755.78,1,0.039853,6.0852,21.78,1,2,1967.11,2
Sad,191.08,14.37,483.49,61.67,2.6258,3,981.57,1,0.044402,4.0928,31.05,0,2,1084.17,2
Angry,55.0,33.22,138.62,66.55,5.8877,0,1309.94,4,0.160256,11.6737,14.6,4,1,0.0,3
Calm,138.08,15.18,188.19,23.48,3.8078,2,1798.7,2,0.0,5.0,17.46,0,3,21.59,0
Angry,82.09,31.05,148.92,79.09,6.5094,0,1321.95,2,0.067538,12.7432,11.61,2,2,98.12,3
Angry,77.39,31.92,106.45,35.99,6.2278,0,1331.62,2,0.138156,17.0913,7.81,4,1,51.44,3
Sad,155.44,15.46,233.51,53.19,3.1076,3,781.03,0,0.043205,3.5371,38.8,0,2,1481.58,2
Anxious,106.44,44.2,181.46,45.0,3.3866,3,1560.15,10,0.086484,8.1088,18.17,2,2,809.61,4
Happy,91.49,14.79,163.14,19.32,5.6186,0,1101.05,0,0.008616,13.9954,17.91,1,1,111.22,1
Calm,131.03,12.37,207.12,35.09,3.3076,0,1493.66,1,0.0,10.223,18.03,0,1,245.07,0
Happy,83.71,10.49,177.64,18.51,4.6215,1,937.23,0,0.036732,10.3262,13.57,1,1,185.39,1
Angry,72.31,36.55,127.73,40.83,5.5958,0,1360.98,5,0.077687,13.4157,10.9,6,1,39.19,3
Anxious,112.3,61.78,266.14,71.47,2.8702,4,1350.22,5,0.179663,6.8124,23.23,0,2,100.0,4
Angry,106.53,35.7,115.87,47.8,5.3645,0,1217.94,4,0.208384,14.0617,6.0,8,1,147.28,3
Happy,83.4,12.79,185.93,11.16,5.6489,0,1420.25,0,0.004752,11.7592,19.3,0,1,80.29,1
Sad,135.0,23.31,285.08,59.09,1.8073,5,1350.1,2,0.067623,7.075,38.13,0,1,2091.98,2
Calm,110.28,22.22,167.77,27.67,2.5,2,1415.93,0,0.049925,7.6536,14.46,1,0,81.14,0
Calm,137.2,9.46,221.97,43.77,5.2779,1,1375.32,0,0.039914,5.8473,8.59,1,0,138.61,0
Sad,181.06,26.32,423.76,15.0,2.0853,5,1331.07,0,0.042575,2.3988,16.49,0,0,1057.68,2
Anxious,122.75,44.84,284.11,104.3,3.3454,5,500.0,5,0.186124,8.3567,14.92,1,0,390.53,4
Happy,102.46,12.92,189.04,19.62,3.5,0,1243.14,1,0.032027,7.0,17.56,3,1,175.17,1
Calm,124.69,10.75,163.3,29.91,3.7032,2,608.97,1,0.052164,8.1603,22.77,0,2,271.45,0
Calm,144.58,11.12,208.87,27.05,3.6846,2,1792.93,1,0.033008,8.9848,15.26,0,1,121.39,0
Sad,171.69,13.91,280.37,39.13,1.913,2,1528.76,0,0.039773,5.8497,38.03,0,2,1456.13,2
Sad,153.42,23.94,509.06,31.52,1.8234,3,1298.06,1,0.011189,3.7039,36.6,0,2,2224.1,2
Sad,224.03,23.15,293.3,31.81,1.6164,6,1395.38,0,0.059004,3.5232,20.32,0,2,1751.64,2
Sad,181.28,23.98,326.47,47.5,1.0,6,936.04,0,0.028062,5.3814,38.48,0,1,1986.52,2
Calm,116.16,14.39,177.57,38.67,3.3788,1,1092.5,2,0.044553,6.7875,17.34,2,1,208.99,0
Anxious,134.39,58.08,226.75,96.37,3.7635,2,1439.97,10,0.110266,5.8356,24.58,2,0,1173.48,4
Calm,115.66,18.41,223.33,39.09,4.108,0,1180.16,0,0.026073,9.933,14.4,1,2,0.0,0
Happy,110.4,4.78,154.41,14.07,5.3351,0,1165.8,0,0.031216,11.372,17.86,1,2,238.47,1
Anxious,104.95,50.47,221.22,73.39,2.0597,2,1532.81,10,0.212217,4.2303,28.58,1,0,756.5,4
Anxious,126.14,46.2,141.3,115.19,3.4707,3,1196.64,4,0.166859,8.4737,16.74,1,0,291.58,4
Anxious,125.18,34.69,250.0,88.05,4.2108,6,1150.23,6,0.15207,8.9638,13.02,3,2,463.18,4
Angry,98.37,60.0,167.79,57.52,5.0836,1,1323.97,4,0.169715,13.6717,6.83,5,2,0.0,3
Sad,204.31,15.04,399.56,40.08,1.7257,2,1250.96,0,0.03434,5.3351,30.07,0,1,1868.28,2
Angry,84.04,46.28,141.61,72.04,6.5499,0,1001.33,5,0.069864,14.8872,16.15,5,1,114.9,3
Calm,130.36,21.62,227.79,41.82,3.5647,1,1423.26,0,0.044653,7.4248,16.88,3,0,404.1,0
Calm,142.03,8.38,208.33,23.6,3.5206,0,759.74,0,0.033952,8.0848,26.55,1,1,214.7,0
Happy,100.52,11.43,130.14,28.33,4.0148,0,936.15,1,0.00949,13.7329,14.33,1,3,0.0,1
Sad,198.14,22.52,433.85,54.69,1.8288,6,1306.67,1,0.016005,3.4074,35.78,1,2,2202.05,2
Calm,137.99,13.55,164.91,31.82,3.6193,1,1177.21,1,0.02923,6.6636,26.48,3,2,0.0,0
Calm,132.57,4.0,202.21,16.77,3.7306,2,1496.2,1,0.051574,8.2923,18.22,3,0,289.03,0
Happy,87.07,13.02,201.86,22.52,4.964,0,651.13,0,0.011487,11.6474,18.18,0,1,47.85,1
Calm,125.19,8.96,263.12,46.01,4.9381,0,1356.75,1,0.041278,9.5397,16.15,1,2,188.64,0
Sad,174.7,14.11,433.22,62.41,2.1064,6,1621.54,0,0.076952,4.3461,21.75,1,2,1803.02,2
Anxious,133.32,38.67,157.24,84.69,2.4159,5,1369.99,5,0.05,8.0708,23.69,0,0,1025.66,4
Sad,191.0,13.14,293.42,21.86,1.6142,4,1102.96,1,0.058002,2.0,28.88,1,0,2600.85,2
Angry,83.41,33.1,99.39,73.56,5.3239,0,1284.29,1,0.170653,14.2512,14.74,3,2,137.19,3
Calm,112.57,18.63,194.32,31.69,2.9508,1,640.04,2,0.04996,6.9637,17.51,2,0,231.45,0
Sad,182.66,34.42,375.92,47.75,1.44,3,1605.34,2,0.038775,4.1893,24.0,0,1,2245.21,2
Calm,157.85,6.61,207.77,12.16,3.6412,2,1382.02,1,0.010228,9.4287,10.15,3,2,64.91,0
Sad,187.3,8.01,340.55,30.96,1.9792,3,917.79,1,0.0,5.511,32.22,0,3,1742.41,2
Sad,190.6,20.29,255.01,67.63,2.6176,6,1615.37,2,0.026223,5.578,29.0,1,2,2516.79,2
Anxious,99.6,67.75,212.61,82.05,3.7598,3,1354.82,7,0.081701,7.2697,15.56,3,1,511.81,4
Anxious,119.07,52.41,219.31,136.95,3.1649,2,1252.55,10,0.185889,7.7003,26.8,1,3,928.4,4
Angry,91.12,15.0,133.66,49.18,5.2449,0,1200.82,5,0.085423,11.0468,14.17,5,2,113.99,3
Calm,127.75,17.85,202.57,8.0,4.6721,0,2132.98,0,0.028033,6.9854,20.24,0,0,446.4,0
Happy,75.0,9.36,178.56,26.51,6.2051,0,901.12,0,0.006307,8.3476,19.41,1,2,258.93,1
Anxious,121.42,38.22,246.48,128.72,3.7226,5,1147.54,10,0.16466,9.6336,20.42,0,1,609.0,4
Angry,79.55,41.45,155.28,38.52,5.8268,0,1628.6,5,0.136454,11.0461,10.98,6,3,53.55,3
Anxious,80.0,45.16,248.29,55.66,4.2527,3,1070.71,5,0.178157,8.0701,10.0,3,1,1109.74,4
Angry,73.93,20.84,99.94,51.59,4.7371,0,1267.49,5,0.138336,14.4682,7.64,8,2,86.15,3
Happy,104.29,9.48,161.4,8.12,5.2445,0,1153.32,0,0.008845,7.7925,12.34,3,3,81.35,1
Anxious,136.37,55.26,281.26,94.89,2.7996,6,1530.52,8,0.073404,7.2613,20.99,2,2,317.03,4
Angry,84.0,20.15,135.62,52.75,4.0,0,1173.82,2,0.10217,15.6573,8.73,5,2,115.16,3
Happy,110.74,3.81,197.12,21.72,5.7662,0,1316.57,0,0.017318,11.4813,16.41,2,2,49.32,1
Sad,135.39,25.11,319.18,46.09,2.4667,6,1635.17,1,0.046649,3.4368,22.29,0,2,1574.22,2
Happy,92.36,17.49,193.19,18.66,6.0675,0,1244.58,1,0.007844,11.8256,12.53,3,1,112.64,1
Calm,136.38,10.26,213.88,13.14,3.4626,1,1273.19,0,0.033958,7.6254,23.81,2,2,148.52,0
Happy,119.54,18.68,153.27,19.63,5.1065,1,922.96,0,0.00454,11.7594,12.99,2,1,184.99,1
Angry,110.0,15.0,111.83,37.54,5.4117,1,1102.23,1,0.145542,12.3855,8.49,8,0,33.73,3
Happy,118.61,17.4,181.65,32.43,5.7334,0,988.62,0,0.002655,8.8616,15.22,1,1,145.95,1
Calm,112.88,19.72,228.62,35.6,5.4321,1,1145.04,0,0.007928,11.5862,12.37,0,2,295.76,0
Anxious,105.64,47.37,239.05,89.82,3.3841,7,652.01,8,0.182971,6.6147,27.64,1,2,569.33,4
Calm,135.29,12.76,266.46,50.99,3.8405,0,1147.24,2,0.029513,9.4943,8.0,3,2,0.0,0
Happy,95.06,13.29,171.09,10.86,4.9705,0,1265.89,1,0.0,11.4507,18.68,2,2,170.04,1
Angry,93.34,50.93,149.06,42.31,4.1974,0,631.63,3,0.127523,12.8634,15.06,6,2,0.0,3
Anxious,86.06,41.69,227.51,96.78,4.0329,7,1084.44,8,0.127014,6.6761,18.01,3,3,1453.76,4
Happy,94.67,8.35,191.56,15.16,5.5808,0,1943.96,0,0.038477,13.3993,13.12,0,1,149.7,1
Sad,185.7,20.31,436.61,64.63,1.7367,6,1061.04,1,0.1,5.8182,35.2,0,3,1528.57,2
Sad,199.84,23.82,334.0,75.57,2.5493,3,860.09,0,0.050711,4.9577,19.67,0,3,1965.16,2
Anxious,143.78,41.74,219.58,68.08,2.7552,5,1799.25,10,0.15344,7.5171,16.34,0,0,589.41,4
Happy,95.7,15.85,208.39,30.85,5.2383,0,605.87,0,0.0,16.0,18.32,3,1,148.69,1
Angry,77.5,51.39,123.74,35.6,4.1125,0,1325.28,3,0.094916,9.6697,9.92,6,2,57.65,3
Calm,137.74,9.69,228.48,39.69,3.6034,0,1005.74,2,0.031039,8.2095,18.38,0,1,241.61,0
Sad,212.09,16.3,330.4,50.09,1.4492,4,1301.94,1,0.085222,5.0263,23.82,0,1,2355.06,2
Calm,118.4,11.35,140.0,34.59,4.017,0,1327.77,1,0.020646,6.3725,16.4,1,2,196.02,0
Angry,80.45,26.66,129.34,20.0,5.2329,0,1555.76,2,0.129355,13.8704,12.24,3,3,68.95,3
Happy,102.8,12.64,158.5,21.81,3.5,1,1268.87,1,0.001317,12.6337,7.72,3,1,0.0,1
Anxious,125.13,45.18,214.33,95.81,3.7456,6,1349.32,5,0.098259,6.322,26.39,0,2,814.29,4
Sad,167.4,17.42,307.28,67.3,2.606,4,1392.87,1,0.060749,5.5879,28.25,0,0,1635.3,2
Calm,122.6,15.27,241.61,42.44,3.9394,1,996.73,2,0.003538,6.6186,26.08,1,3,290.18,0
Calm,131.93,12.75,186.67,45.95,4.2931,1,812.02,2,0.020125,8.7768,10.43,2,1,153.81,0
Angry,73.28,42.73,152.14,43.46,5.0797,0,834.84,5,0.095986,11.1231,16.63,8,2,110.27,3
Sad,145.56,15.13,318.32,57.08,1.5421,5,1206.67,2,0.02685,2.1698,38.26,0,1,1639.03,2
Calm,139.26,18.15,207.9,25.79,3.2919,1,1451.68,0,0.041001,8.684,14.06,1,0,165.71,0
Happy,105.81,8.73,154.38,30.39,5.986,0,1222.21,0,0.049554,11.602,16.41,2,2,63.21,1
Happy,108.87,15.46,157.45,6.0,4.9983,0,1186.34,1,0.01294,8.9541,16.03,1,2,10.46,1
Sad,251.43,17.15,339.33,35.15,2.3492,4,1436.53,2,0.031577,2.0,25.23,0,1,2341.26,2
Calm,120.35,9.11,214.51,29.87,3.0988,1,1231.31,1,0.028848,6.1079,12.86,2,1,368.15,0
Anxious,136.54,57.54,155.85,78.48,2.7603,5,1621.72,5,0.129406,8.636,24.53,1,2,893.27,4
Sad,201.02,12.5,315.43,51.09,2.9792,6,1372.88,1,0.066351,3.0816,19.93,0,2,2190.19,2
Anxious,90.13,45.11,268.49,88.51,3.0651,3,1058.53,4,0.097765,9.3547,16.93,1,3,695.9,4
Sad,170.16,12.48,380.41,28.82,1.9601,5,1238.94,2,0.0,5.4844,26.67,0,3,2099.57,2
Calm,142.37,5.86,210.55,22.41,3.2057,1,824.28,0,0.036053,7.5967,23.0,0,3,0.0,0
Calm,135.23,16.5,213.43,34.08,3.7792,0,1685.16,0,0.078068,7.8009,18.8,0,2,76.64,0
Sad,204.08,26.26,362.08,56.57,1.6457,3,694.43,1,0.024691,6.2711,24.41,0,1,2344.51,2
Angry,57.82,54.03,143.49,74.04,5.5246,1,1776.43,1,0.181502,13.8671,10.55,5,3,160.43,3
Calm,114.38,8.82,209.28,32.71,3.6145,1,1660.03,1,0.053455,9.4724,10.71,1,1,276.96,0
Anxious,112.71,29.23,226.55,77.29,2.9354,6,1606.01,3,0.085664,5.8055,19.2,1,0,571.75,4
Anxious,103.1,46.72,185.48,144.85,4.3607,5,1138.73,3,0.091583,7.5801,28.67,1,0,420.41,4
Happy,98.79,10.57,230.73,19.15,5.0064,0,1024.24,0,0.027283,10.0667,20.27,1,0,155.66,1
Happy,97.17,11.21,165.54,27.44,5.4926,0,1275.33,1,0.049527,12.0943,16.58,1,2,113.75,1
Calm,117.88,15.83,140.0,30.89,3.5236,0,949.46,1,0.043046,7.6292,14.29,1,1,197.19,0
Happy,103.09,10.77,171.76,9.66,4.7801,0,1241.26,1,0.027368,8.4618,18.4,1,2,80.75,1
Calm,117.96,11.45,241.59,25.19,4.0312,0,1702.35,1,0.038809,8.3832,19.2,1,3,160.57,0
Anxious,131.11,33.12,239.81,61.58,3.4669,6,1421.15,8,0.108869,8.1411,20.6,0,1,486.9,4
Anxious,127.12,25.0,170.51,129.45,2.9896,3,730.19,5,0.064473,8.1392,21.53,2,2,1101.26,4
Angry,97.59,31.62,112.22,70.55,4.7405,1,843.16,5,0.102708,14.906,14.04,4,1,138.11,3
Happy,107.66,15.46,202.16,24.76,5.2827,0,1519.63,0,0.040954,9.2079,14.0,0,1,99.08,1
Sad,193.69,17.06,387.03,40.16,2.1576,2,1259.9,0,0.015987,2.7933,31.54,0,1,1783.6,2
Angry,87.79,40.41,120.22,36.55,6.7195,0,1126.17,4,0.095007,13.609,12.0,6,0,47.5,3
Happy,101.89,7.93,134.98,12.48,4.4645,0,1269.66,1,0.007842,8.6324,7.0,2,2,0.0,1
Happy,103.95,12.75,178.51,13.78,4.2475,1,1457.99,1,0.0,11.1186,8.5,3,2,203.09,1
Anxious,105.41,58.28,267.24,81.18,2.1068,5,1301.11,8,0.158258,6.5368,15.52,1,1,263.04,4
Calm,121.8,10.98,167.8,30.43,3.9782,1,855.36,1,0.013061,9.2739,16.95,1,1,380.58,0
Calm,109.91,10.18,215.13,39.95,4.1521,2,764.65,0,0.062669,10.9919,12.03,1,2,101.28,0
Angry,99.61,29.41,94.64,70.8,6.1267,0,1198.67,4,0.04,13.6103,14.47,6,3,129.65,3
Calm,106.09,13.69,265.47,21.77,3.9945,1,1807.08,0,0.017489,6.7062,15.85,2,2,84.07,0
Happy,99.54,9.44,170.31,6.0,5.0351,0,1440.17,0,0.021121,11.0735,19.28,1,3,110.37,1
Anxious,153.1,51.95,215.2,83.62,2.7604,4,1195.28,7,0.180247,4.806,20.67,0,2,100.0,4
Calm,128.67,16.65,191.26,34.5,2.8355,1,1304.3,1,0.026999,8.4679,12.47,0,1,344.81,0
Sad,175.13,13.6,355.08,53.33,2.1445,4,1237.69,1,0.042776,4.9375,39.5,0,2,1547.9,2
Happy,120.73,12.6,181.96,27.93,4.7185,0,1459.39,0,0.033246,9.2143,16.19,0,1,167.74,1
Angry,71.81,36.92,144.29,40.57,5.6343,0,1409.87,5,0.113229,13.2429,12.1,2,2,81.85,3
Happy,92.23,8.78,218.44,14.23,5.4242,0,1209.24,0,0.035294,10.116,22.77,2,1,90.79,1
Calm,126.23,14.34,216.72,38.65,2.9526,0,951.45,1,0.038483,10.911,20.51,0,0,195.61,0
Anxious,94.9,40.32,233.71,93.5,2.4405,4,783.01,7,0.154096,8.5191,17.37,3,0,484.99,4
Angry,90.33,30.95,114.94,84.28,6.8589,0,1165.55,4,0.137834,9.0,10.89,3,2,194.43,3
Anxious,107.06,40.6,250.96,114.49,3.341,3,1184.05,4,0.204935,6.2108,22.61,3,3,330.96,4
Sad,180.87,18.9,402.72,31.47,2.2933,2,1419.2,1,0.062148,3.2544,28.23,0,2,2603.2,2
Sad,139.13,27.5,333.85,40.86,2.4214,2,1317.33,0,0.045054,2.0668,29.99,0,0,1956.69,2
Angry,93.93,36.44,163.06,94.72,6.1432,0,1570.17,3,0.147054,12.8596,9.71,2,0,146.47,3
Calm,115.07,5.48,171.3,37.84,3.0031,0,956.74,1,0.034489,9.63,28.85,2,2,170.4,0
Calm,113.49,4.0,162.89,9.1,4.2963,0,1275.06,2,0.024386,9.8559,19.85,1,1,368.82,0
Happy,113.33,10.87,160.7,23.81,5.3417,0,1007.41,0,0.02761,12.8477,13.6,1,3,5.47,1
Anxious,107.1,33.02,189.68,82.23,4.1764,3,914.77,6,0.144143,6.4223,21.66,0,0,491.72,4
Angry,75.37,49.65,145.78,30.71,7.1525,0,803.58,1,0.085953,12.4732,12.04,6,3,104.09,3
Angry,77.15,33.25,135.62,57.7,5.8792,0,867.88,2,0.139203,13.6141,10.42,3,1,169.14,3
Anxious,160.0,48.02,213.55,90.17,2.5793,6,998.35,6,0.221267,6.4157,27.49,0,3,385.6,4
Calm,124.71,15.69,181.52,27.18,3.9758,2,1558.23,2,0.06284,8.9403,11.83,2,0,0.0,0
Happy,102.39,11.02,168.44,20.56,6.1821,1,2167.84,0,0.028592,9.522,20.44,3,1,0.0,1
Angry,96.27,31.14,111.42,20.0,6.6385,0,986.23,2,0.124072,14.7672,8.3,2,1,94.0,3
Sad,162.25,15.44,328.21,28.12,2.3807,3,1181.88,1,0.050821,4.1328,39.46,1,1,1592.84,2
Angry,99.26,46.71,106.4,31.17,4.3727,0,741.18,1,0.12808,9.9099,12.66,8,3,117.27,3
Calm,121.45,14.58,231.77,36.9,3.9885,0,1646.96,1,0.020322,8.9239,19.19,3,3,144.56,0
Calm,136.87,14.24,220.43,31.77,3.4602,0,1309.09,0,0.014914,9.2032,14.65,0,3,77.11,0
Happy,94.97,9.49,133.56,34.65,4.7129,0,1022.73,0,0.026631,7.1905,13.37,3,2,150.97,1
Happy,95.41,14.77,175.66,19.94,4.1969,0,1203.06,1,0.003257,12.6715,15.31,1,2,72.94,1
Angry,76.99,26.75,169.71,69.19,6.0646,0,1657.6,4,0.126019,11.7031,6.93,6,1,73.5,3
Anxious,103.07,44.52,281.99,85.7,3.4718,5,888.26,3,0.150836,7.0281,21.17,3,2,606.04,4
Calm,111.52,14.36,222.89,30.08,3.5321,2,1032.51,0,0.032108,8.9846,17.16,1,2,0.0,0
Calm,125.32,17.78,243.1,30.79,3.9809,1,730.73,1,0.037299,8.2786,18.46,3,0,222.85,0
Angry,99.36,35.74,115.85,56.94,5.8397,0,1253.11,1,0.086505,15.8404,11.89,8,0,163.51,3
Angry,89.95,36.93,134.76,55.97,5.5759,0,811.93,4,0.124937,14.0328,12.31,8,1,0.0,3
Calm,112.4,15.69,215.33,35.86,4.1754,1,1360.35,0,0.033598,8.5312,12.03,3,0,150.71,0
Happy,112.7,11.13,202.51,23.4,4.2949,1,1234.46,0,0.01092,9.9916,16.19,3,3,0.91,1
Angry,88.24,59.19,142.08,30.65,4.0,0,1420.94,2,0.187905,15.7382,14.07,4,1,120.12,3
Angry,86.92,36.67,108.99,53.41,5.5621,0,1284.14,2,0.170666,14.2538,7.65,5,0,127.72,3
Angry,68.64,23.75,116.42,46.36,5.9097,0,1226.79,4,0.101934,12.7056,13.29,4,3,106.04,3
Angry,89.95,28.57,149.91,53.45,4.7635,0,1296.23,1,0.075809,9.9246,6.64,6,1,173.36,3
Anxious,103.37,38.5,205.98,66.89,3.1483,7,1884.7,4,0.083348,6.987,19.06,1,1,743.65,4
Sad,228.27,11.98,409.43,31.59,2.4049,5,1184.59,1,0.052922,2.9766,27.91,0,1,2504.51,2
Anxious,91.02,54.28,308.54,126.75,3.6156,5,1475.19,7,0.21277,7.3772,21.37,0,1,308.88,4
Calm,119.98,17.35,201.82,32.92,3.3681,1,1245.53,2,0.047673,7.2242,18.97,0,1,229.21,0
Anxious,131.38,42.32,209.13,134.46,3.791,4,1304.94,7,0.130898,9.5547,26.89,2,2,200.81,4
Calm,120.67,11.84,215.55,32.57,4.0843,0,1338.62,0,0.075049,8.4465,19.4,0,1,16.89,0
Anxious,116.61,54.73,173.52,46.92,3.8571,2,1036.92,5,0.167506,5.6552,20.61,3,3,748.44,4
Calm,132.47,22.38,193.13,21.19,3.3105,0,749.08,1,0.035624,8.6292,16.52,1,2,322.68,0
Calm,113.41,21.76,213.28,30.67,3.1923,0,1133.04,2,0.016972,8.2493,13.36,0,1,293.24,0
Sad,190.38,16.98,476.47,15.0,2.1795,4,1127.42,2,0.01389,3.2949,33.91,1,0,2054.03,2
Calm,151.48,11.43,203.07,21.62,4.0062,0,717.7,0,0.059531,11.0049,14.94,3,1,368.62,0
Anxious,95.13,44.43,168.86,88.73,2.9211,7,751.42,10,0.189528,6.5367,18.87,0,2,100.0,4
Anxious,123.8,59.38,195.77,102.25,2.8818,4,625.15,5,0.195538,7.1952,14.97,0,3,724.28,4
Sad,162.83,9.07,435.77,44.19,2.5812,2,1608.72,0,0.047255,4.649,15.0,1,2,1101.17,2
Anxious,80.56,45.04,237.27,83.51,3.8761,3,1526.67,5,0.187081,7.6775,24.26,3,3,943.4,4
Sad,150.64,24.0,377.08,45.72,2.2076,3,1490.55,1,0.045862,3.8393,15.0,0,3,2142.52,2
Happy,114.04,6.03,202.07,25.72,4.1559,1,1525.24,0,0.021985,10.1654,19.08,1,0,146.77,1
Angry,94.38,48.3,153.07,90.53,5.3355,0,1036.2,4,0.141418,15.8304,13.5,8,2,57.44,3
Anxious,91.67,31.47,304.74,58.63,2.0,3,818.77,8,0.172992,8.5361,24.23,1,0,208.71,4
Happy,106.38,9.87,156.55,15.53,3.5,0,1579.13,0,0.018814,9.7331,20.21,3,1,78.71,1
Calm,125.96,9.18,180.31,43.8,3.1094,0,821.95,0,0.03076,9.0995,20.56,2,3,110.65,0
Anxious,131.14,60.27,244.95,97.4,2.5484,5,1500.18,10,0.131278,7.4428,18.56,2,1,223.25,4
Sad,159.51,21.54,388.61,41.76,1.9888,3,1132.84,1,0.046175,2.7739,15.29,1,1,2407.1,2
Anxious,112.98,38.67,202.79,100.37,2.9738,4,853.47,6,0.101165,6.4634,13.41,0,2,195.47,4
Happy,99.09,14.71,166.97,6.0,5.1237,1,1128.8,0,0.0,8.2573,14.11,3,3,203.9,1
Happy,101.37,13.0,154.21,21.43,4.7283,0,1280.59,0,0.033826,13.1887,14.63,0,3,127.28,1
Calm,127.8,7.1,212.2,18.02,2.6242,1,895.47,2,0.000713,5.8589,13.78,1,2,213.44,0
Anxious,116.56,38.98,201.44,102.02,3.1214,3,1404.53,3,0.069159,9.7953,22.67,1,1,155.89,4
Happy,89.63,12.12,199.43,20.58,6.2369,0,847.61,0,0.010296,8.9117,26.85,1,2,170.25,1
Sad,147.93,24.93,328.13,37.03,1.7611,5,789.77,0,0.092854,4.8978,22.99,0,2,1598.7,2
Anxious,100.25,30.0,302.42,80.12,3.2418,6,1248.67,8,0.152245,4.4601,19.65,1,1,840.92,4
Anxious,102.92,38.2,226.2,59.22,2.7975,7,1855.44,3,0.068182,4.8429,15.25,2,3,283.03,4
Angry,79.42,47.86,119.42,69.52,5.2971,0,829.87,4,0.196508,10.2974,8.22,6,3,95.46,3
Anxious,102.88,33.42,232.99,126.8,3.271,7,1223.72,6,0.167435,6.4058,29.8,1,2,407.4,4
Calm,142.69,19.19,177.57,17.98,3.9039,2,1337.33,2,0.0,9.8247,12.64,0,1,197.11,0
Anxious,123.0,59.67,184.87,96.16,4.2212,2,795.1,7,0.138229,7.0491,10.0,0,2,599.34,4
Anxious,123.51,46.66,207.48,84.12,2.7159,2,1703.71,6,0.101437,6.7638,17.05,0,0,611.88,4
Sad,167.45,24.03,308.58,75.87,2.1471,3,1279.38,2,0.025561,3.9465,29.58,0,3,1792.65,2
Anxious,93.44,57.33,234.23,102.11,3.9619,2,1552.57,7,0.168678,7.8728,16.22,0,3,784.45,4
Anxious,80.0,34.44,186.48,121.71,3.0458,2,542.82,10,0.13851,8.5624,25.72,3,1,324.03,4
Sad,152.61,8.0,352.6,33.42,1.2621,6,900.17,0,0.035805,5.4685,35.69,1,0,1621.04,2
Anxious,132.2,39.93,278.6,130.9,3.8764,3,1802.6,5,0.109835,8.1033,20.33,1,0,154.96,4
Calm,123.37,18.36,286.8,29.97,4.4952,0,1721.67,2,0.002209,8.8009,20.73,1,0,249.01,0
Anxious,146.86,35.71,156.08,125.94,2.6612,4,755.03,7,0.158878,9.8314,18.91,1,3,766.4,4
Calm,137.86,19.84,180.72,15.48,3.392,0,682.26,0,0.017221,9.6914,22.82,1,0,200.08,0
Anxious,147.07,43.12,196.17,52.12,2.5488,3,953.73,8,0.123584,7.3809,25.39,0,2,537.08,4
Anxious,90.67,39.11,288.18,75.76,3.6035,2,1539.81,5,0.102751,9.4144,19.52,0,1,1140.91,4
Angry,82.02,48.6,166.65,67.82,5.4038,0,897.45,4,0.175328,12.8975,12.83,2,2,23.91,3
Calm,141.48,13.75,207.1,30.19,3.7841,0,1405.9,0,0.034349,6.8206,16.96,0,2,0.0,0
Happy,90.24,8.93,216.28,15.58,5.7821,0,1423.63,1,0.031775,14.8156,13.56,1,2,20.97,1
Angry,69.64,43.6,153.29,70.06,5.5093,0,1323.82,5,0.144149,11.2407,13.89,5,1,66.31,3
Calm,134.16,16.81,167.75,40.78,3.3186,2,1437.19,0,0.027208,9.3731,19.17,3,1,53.97,0
Sad,200.22,19.65,397.41,48.83,2.5886,3,1571.7,1,0.061054,6.6448,29.03,0,2,1706.42,2
Sad,209.79,21.95,398.11,60.52,2.7984,5,1489.55,1,0.028533,5.3199,21.16,0,1,1526.8,2
Angry,86.47,38.14,126.36,56.02,4.4633,0,1372.21,2,0.160415,11.682,10.89,3,2,141.33,3
Sad,159.4,25.88,386.36,52.26,2.4219,5,1179.67,0,0.010569,5.1947,21.1,0,2,2056.79,2
Angry,65.11,35.91,138.72,44.84,5.0188,0,1184.77,2,0.116244,13.9974,10.02,3,1,23.46,3
Angry,95.24,55.02,108.39,47.63,5.3878,0,1936.77,2,0.04978,10.7536,9.99,5,1,97.04,3
Calm,123.05,17.76,208.29,29.94,4.2512,1,800.91,2,0.051013,7.7009,13.67,1,1,198.6,0
Calm,140.49,16.52,176.8,39.89,4.167,2,1092.77,2,0.035213,7.5853,17.58,3,0,0.0,0
Calm,147.13,13.22,169.45,31.52,4.0079,1,1338.78,1,0.0,7.7064,13.97,0,0,132.47,0
Sad,175.86,18.35,417.17,35.68,1.8307,3,1517.67,0,0.067047,6.0273,30.54,0,2,1359.92,2
Anxious,87.86,36.0,225.63,94.7,2.7528,3,1650.49,6,0.103155,7.0796,18.66,0,1,1185.52,4
Happy,112.73,10.98,183.74,26.08,3.7805,0,1384.55,1,0.010674,9.0653,14.41,0,2,0.0,1
Angry,68.83,42.03,98.94,71.45,5.1047,0,1337.46,5,0.126305,9.0,7.12,2,2,61.27,3
Anxious,105.17,29.71,260.55,77.34,2.4192,5,1583.52,4,0.05474,5.4513,18.53,0,2,531.13,4
Angry,90.51,15.28,117.4,56.57,6.3489,0,997.71,3,0.107169,12.5493,15.59,5,0,166.21,3
Calm,132.73,14.6,156.64,40.56,3.5183,1,1230.56,0,0.050991,11.5843,12.73,1,1,238.06,0
Anxious,108.65,51.06,267.97,79.98,3.082,6,1464.98,8,0.169757,7.3446,17.86,2,1,524.53,4
Calm,94.62,22.14,234.7,43.51,3.9253,0,1674.16,0,0.005485,9.3483,16.77,1,2,283.34,0
Sad,149.14,31.15,480.42,53.85,2.125,3,1086.19,2,0.01413,4.6402,30.16,0,2,600.0,2
Angry,86.74,23.5,131.66,68.23,4.3987,0,1387.58,4,0.09868,12.3987,10.29,5,1,94.85,3
Happy,91.32,15.25,163.74,18.84,4.8731,0,1061.92,0,0.026371,11.243,15.67,2,2,117.67,1
Happy,107.83,9.44,179.56,23.49,5.1676,0,807.11,0,0.028516,10.0892,11.31,0,3,102.69,1
Angry,101.65,31.82,123.33,56.18,5.7342,0,1456.51,3,0.05021,14.0674,15.79,5,3,40.23,3
Sad,219.32,18.79,343.16,44.21,2.1757,5,1595.13,0,0.043929,3.6555,31.86,0,1,1456.86,2
Angry,75.89,28.2,119.93,77.26,6.3166,0,1120.44,4,0.1666,11.517,15.37,2,1,191.69,3
Angry,85.99,38.35,110.73,38.75,7.3704,0,1226.5,3,0.120122,12.4355,6.98,2,0,55.17,3
Anxious,89.65,34.67,171.52,66.87,2.6275,2,1304.26,5,0.155804,6.0383,22.42,1,3,370.97,4
Happy,78.9,19.65,164.03,15.69,3.7017,1,883.31,0,0.008428,11.1418,14.98,1,1,72.69,1
Angry,86.76,34.42,136.5,67.28,6.1952,0,1740.22,5,0.09643,12.0266,9.52,6,0,69.18,3
Happy,99.26,8.72,143.75,31.3,3.5738,0,1398.83,0,0.014389,12.0225,14.21,2,1,80.72,1
Sad,198.47,29.48,436.76,48.14,2.5989,6,500.0,0,0.036364,2.1216,27.53,0,3,1195.41,2
Calm,129.66,14.43,182.3,25.59,3.9503,2,1399.89,2,0.010172,6.1562,9.58,0,1,179.08,0
Angry,110.0,45.3,164.92,65.24,5.4774,0,1084.42,2,0.169218,13.6835,13.55,5,1,134.13,3
Angry,66.24,30.51,172.42,51.03,5.7821,0,1257.65,5,0.098003,12.1484,12.59,6,2,200.27,3
Anxious,99.62,26.7,173.58,122.49,3.4592,5,1326.75,6,0.191304,9.1506,13.76,2,1,675.56,4
Sad,175.16,32.09,332.47,44.52,2.7729,3,1345.12,1,0.023891,3.2687,29.99,1,2,1836.14,2
Anxious,83.82,54.37,214.5,47.64,3.1613,7,1427.81,10,0.102227,8.024,17.46,1,2,1007.28,4
Sad,203.61,20.47,297.64,34.17,2.3942,3,1017.01,1,0.037551,2.7221,43.21,0,1,2263.71,2
Calm,103.89,12.98,187.34,21.08,3.0077,0,874.25,1,0.001199,8.078,24.98,3,1,152.59,0
Calm,103.28,16.89,215.6,12.74,3.0578,0,873.83,0,0.008074,9.6053,24.55,1,3,107.35,0
Angry,87.34,21.6,138.71,51.63,4.0,0,1420.2,5,0.048805,12.7093,13.49,6,2,137.01,3
Anxious,114.68,40.69,263.41,106.04,2.251,4,1360.24,4,0.118872,4.9779,24.22,0,2,799.83,4
Angry,96.14,30.43,136.78,70.13,5.5774,0,1595.84,1,0.171537,12.7209,14.52,8,2,137.11,3
Angry,77.66,34.22,101.93,37.23,5.7478,1,1571.82,5,0.127798,12.2575,13.87,5,1,67.18,3
Happy,117.21,11.28,149.12,32.99,4.7237,0,1403.95,1,0.046571,11.3661,14.47,2,2,67.23,1
Sad,155.83,20.08,398.3,16.98,2.2511,5,1832.07,0,0.065466,4.8677,28.21,1,2,1045.66,2
Happy,109.07,10.26,146.06,19.14,5.2411,0,852.3,1,0.007072,14.5012,11.54,0,2,94.14,1
Calm,130.13,11.7,235.02,43.03,4.0839,2,1399.78,1,0.01035,7.7759,8.99,1,2,311.12,0
Calm,156.39,16.85,232.3,21.0,2.9589,2,1653.35,2,0.00714,11.1584,26.88,0,1,69.93,0
Anxious,117.22,55.98,268.65,57.04,3.5029,5,1028.19,4,0.139104,6.7954,12.94,3,0,501.81,4
Angry,69.53,36.06,134.41,65.03,5.5155,0,950.76,4,0.185205,12.2344,12.28,6,2,60.51,3
Calm,117.4,21.21,210.78,27.01,3.9108,1,1053.83,0,0.032512,7.3792,16.93,2,3,385.42,0
Anxious,138.69,57.68,213.15,70.23,4.3814,2,1012.35,10,0.167732,6.5415,21.77,2,0,770.97,4
Calm,145.31,9.11,230.45,34.41,3.8922,2,1400.62,1,0.04105,13.0,13.4,0,0,282.07,0
Angry,91.82,28.62,122.96,66.38,6.0829,0,1102.08,3,0.134814,11.7878,16.15,2,0,85.23,3
Happy,82.3,18.81,219.53,13.53,5.0849,1,1035.7,1,0.004952,10.9758,18.74,2,2,0.0,1
Happy,83.71,4.26,135.28,25.41,5.1288,0,1372.52,1,0.018393,11.5909,12.36,1,2,72.5,1
Sad,162.37,19.5,409.52,47.84,1.8386,3,1355.32,1,0.080456,4.5381,15.99,1,1,1550.06,2
Calm,112.73,10.69,169.55,29.33,4.6417,0,1161.74,0,0.042775,8.4587,14.77,1,1,323.76,0
Calm,117.11,25.35,228.32,27.52,4.0895,1,1738.56,0,0.0,10.5623,29.16,1,2,175.58,0
Happy,117.63,8.49,199.69,27.52,5.2803,0,960.31,1,0.028324,10.1984,19.38,0,3,131.22,1
Sad,158.29,29.07,359.94,42.44,1.4684,6,1621.36,1,0.071433,3.8818,27.53,0,1,1513.51,2
Happy,104.47,7.13,110.0,34.47,3.6683,0,1146.4,0,0.00598,12.0777,12.7,0,3,0.0,1
Sad,173.4,17.47,290.05,36.59,2.6224,5,1473.36,1,0.010855,2.701,23.24,1,3,1507.38,2
Anxious,108.98,53.61,243.44,116.33,4.136,3,1264.62,5,0.074376,7.4875,19.27,0,2,590.13,4
Angry,89.19,39.45,120.7,31.06,7.0142,0,1161.71,4,0.119634,11.7717,18.58,8,3,62.18,3
Anxious,96.44,28.57,210.82,114.87,3.3444,3,1092.48,3,0.170512,5.4881,24.91,1,2,298.58,4
Anxious,120.49,63.9,233.49,148.72,3.1108,2,1975.74,4,0.105611,6.0294,19.08,0,0,1261.46,4
Anxious,107.92,42.42,258.5,91.0,4.2104,3,963.73,6,0.251656,8.0131,24.07,2,2,865.95,4
Calm,134.43,9.48,186.65,27.34,3.4979,1,1073.77,0,0.036575,8.9527,16.75,1,1,331.16,0
Angry,69.04,36.51,156.9,59.32,4.2131,1,977.62,1,0.131806,9.3702,12.98,2,1,38.63,3
Sad,208.78,13.17,316.39,23.18,1.6221,5,1609.37,2,0.023292,3.9812,30.72,0,3,2186.18,2
Angry,69.69,27.2,145.82,31.17,6.6752,0,1277.72,2,0.157121,12.5948,11.56,3,1,0.0,3
Angry,90.76,44.76,135.28,65.51,6.4659,0,1367.12,5,0.102597,12.6907,12.54,8,2,136.65,3
Angry,86.0,40.42,104.62,39.68,5.3817,0,1244.2,3,0.139185,12.2852,10.72,4,3,85.23,3
Anxious,111.39,51.9,247.32,100.41,2.9208,4,1415.93,6,0.152415,8.4422,16.89,2,2,533.15,4
Happy,87.02,21.07,218.88,27.62,4.7335,1,1403.54,0,0.033863,10.7994,18.1,1,2,173.82,1
Angry,86.73,37.34,149.56,31.01,5.5769,0,936.6,1,0.099597,9.6857,12.56,2,2,31.7,3
Anxious,124.89,54.5,210.83,87.31,2.6694,2,1625.27,8,0.110595,7.9384,12.23,2,0,294.55,4
Angry,100.51,41.08,124.54,51.13,6.9348,0,1006.37,2,0.084722,14.6349,9.89,6,0,85.66,3
Anxious,118.88,43.22,278.95,96.64,3.5658,2,500.0,4,0.104434,9.425,25.48,2,2,505.17,4
Anxious,119.03,56.4,342.05,54.22,2.9474,4,1099.33,8,0.154984,7.6462,16.62,2,3,453.0,4
Angry,87.82,27.04,126.55,45.27,5.7011,1,1088.7,4,0.145013,12.3125,13.68,2,0,90.67,3
Anxious,93.52,35.14,273.9,132.71,3.5184,4,1262.8,6,0.174341,7.3952,12.72,3,1,547.6,4
Angry,84.52,49.95,97.66,57.68,5.1375,1,1742.75,1,0.133283,12.8026,15.43,2,3,112.31,3
Happy,108.96,14.79,165.97,19.57,5.0832,0,1115.93,1,0.017148,10.7261,20.92,3,1,17.79,1
Anxious,88.18,48.01,242.42,136.13,2.0,3,1217.86,5,0.096094,7.4481,23.31,1,1,100.0,4
Sad,150.76,15.86,394.51,50.55,2.4278,4,1224.43,0,0.072177,3.7571,39.14,0,0,1552.83,2
Happy,99.56,12.86,224.56,32.64,5.1006,0,934.3,0,0.031764,10.9443,20.07,3,2,167.47,1
Anxious,91.46,44.25,220.17,97.38,3.1302,2,1236.92,4,0.10356,5.449,20.73,1,2,699.48,4
Sad,223.61,24.05,319.1,40.4,3.2,5,855.19,1,0.032898,6.0216,39.89,0,1,1195.81,2
Sad,135.0,20.12,374.57,49.07,2.9008,3,1425.6,0,0.014055,2.2204,26.88,0,3,1923.82,2
Calm,137.38,12.81,193.65,30.49,3.8361,2,1231.77,1,0.047401,8.7113,17.36,0,0,95.79,0
Angry,81.5,42.25,122.75,69.27,6.3592,0,1540.83,3,0.097363,13.5641,10.22,6,0,33.21,3
Happy,112.47,14.81,168.74,23.62,4.6637,0,1178.05,0,0.005567,9.7185,13.43,2,1,140.33,1
Anxious,96.35,38.61,208.94,103.42,2.7078,3,1376.45,8,0.232539,5.537,20.27,1,2,877.47,4
Angry,72.13,35.6,113.18,31.13,6.0827,0,824.97,1,0.061671,10.5099,11.75,3,2,105.57,3
Angry,69.29,31.73,131.68,67.18,5.571,0,1254.63,3,0.133295,10.8482,14.94,3,1,47.83,3
Happy,91.01,12.5,169.11,22.55,4.7734,0,1254.56,0,0.014376,9.4418,16.44,0,1,172.8,1
Anxious,124.28,38.0,221.67,109.79,3.3871,2,576.44,4,0.193751,6.9449,21.53,1,0,461.83,4
Anxious,99.55,47.86,230.9,109.7,3.9793,4,1410.02,7,0.135874,6.7144,24.02,1,2,1027.34,4
Happy,105.96,12.73,154.02,20.07,6.0901,1,1428.51,0,0.027537,16.0,12.56,3,1,163.29,1
Angry,89.29,42.35,129.56,47.15,6.5855,0,747.19,1,0.12834,14.96,9.42,2,1,50.79,3
Angry,95.0,24.99,119.24,57.07,4.8496,0,1263.22,2,0.075949,10.885,10.78,2,1,96.81,3
Happy,108.61,8.12,179.24,21.76,6.3759,0,1224.08,0,0.0,13.2396,13.2,1,3,95.39,1
Angry,95.22,34.41,107.16,47.21,5.5061,0,988.25,2,0.15322,15.1159,16.79,6,1,0.0,3
Sad,141.69,25.85,317.17,43.94,1.9163,3,1637.77,1,0.0,2.0075,31.71,0,1,1417.29,2
Anxious,88.12,46.05,212.46,118.35,2.5505,3,1271.86,8,0.05,6.7798,10.66,3,1,414.3,4
Angry,88.52,18.45,124.66,36.57,6.215,0,1625.05,3,0.080615,13.3535,11.46,4,1,160.43,3
Happy,84.92,14.79,160.83,26.77,4.2824,0,1139.78,1,0.0,11.8474,13.78,0,2,35.81,1
Happy,107.23,12.52,142.01,35.27,4.8329,0,1077.87,0,0.03015,8.8267,13.21,1,1,43.95,1
Angry,83.98,22.43,138.37,87.54,5.9588,0,1131.87,2,0.100201,12.2734,9.67,5,3,57.63,3
Angry,73.22,29.45,141.41,46.96,7.299,0,1295.75,4,0.04,14.3382,6.0,3,0,108.53,3
Angry,84.83,40.77,124.24,66.21,6.747,0,790.54,2,0.114141,12.6991,8.86,8,1,0.0,3
Happy,110.61,15.49,143.15,30.15,3.5,0,606.88,0,0.029782,9.6228,14.1,2,1,21.25,1
Happy,93.52,13.66,181.51,24.91,3.8378,0,648.24,0,0.001337,8.5293,18.34,3,1,147.34,1
Happy,75.0,13.13,169.31,21.54,6.157,0,909.65,0,0.026041,10.2063,16.08,1,1,68.81,1
Happy,126.26,11.41,159.04,28.74,5.2642,1,1157.94,0,0.030698,11.8344,18.89,3,2,22.77,1
Anxious,97.63,42.66,241.78,86.52,3.3291,4,949.63,3,0.143826,6.295,23.71,2,2,569.59,4
Anxious,103.18,46.42,190.24,122.57,4.6273,2,1542.85,8,0.173361,6.8106,13.76,2,2,721.79,4
Sad,180.17,18.01,241.44,30.07,2.1544,6,1400.5,1,0.007275,2.9587,22.3,1,3,1409.7,2
Happy,107.88,12.36,160.66,23.34,4.9205,0,1002.34,0,0.001849,10.6026,18.48,1,1,149.47,1
Sad,191.59,14.62,401.31,53.92,2.8732,4,893.21,1,0.043419,4.9032,42.95,0,2,1117.83,2
Angry,99.94,26.04,115.2,20.0,4.9795,0,1567.28,4,0.123717,13.2709,12.52,4,0,67.69,3
Anxious,115.11,42.29,168.9,79.23,3.6036,6,1201.2,6,0.24856,8.0215,16.11,1,3,100.0,4
Anxious,99.95,25.0,218.83,88.53,4.3035,5,1491.42,3,0.135133,7.8568,25.71,0,1,100.0,4
Anxious,117.1,51.46,256.26,134.47,3.2929,6,988.94,8,0.088688,7.8781,14.47,1,3,529.3,4
Angry,69.37,31.8,113.3,92.39,5.9281,0,1312.34,1,0.126746,14.4392,17.13,5,1,131.92,3
Anxious,122.81,25.0,280.9,113.72,2.9229,2,1377.36,7,0.113647,6.8295,27.35,2,1,100.0,4
Anxious,114.06,49.81,201.65,94.81,3.2792,3,1067.48,5,0.213585,7.3554,18.62,2,1,914.52,4
Angry,73.22,37.84,110.99,63.09,6.7263,0,769.25,5,0.085249,11.3051,10.21,6,1,74.5,3
Anxious,113.62,43.14,249.68,90.44,4.0433,2,1615.88,4,0.112849,8.6035,15.19,0,0,155.47,4
Sad,238.19,20.98,392.89,61.05,1.5067,6,1003.3,0,0.062605,5.9727,27.94,1,2,1816.18,2
Anxious,124.38,45.11,154.41,137.63,4.5562,6,868.39,5,0.205398,6.4254,22.3,3,1,322.36,4
Sad,135.0,15.87,375.62,56.94,1.6058,4,1072.86,2,0.024064,4.4101,30.41,0,3,2019.3,2
Angry,87.33,29.89,114.32,20.0,7.1354,1,851.71,3,0.168587,11.5305,10.14,8,2,122.1,3
Calm,95.72,6.89,231.39,46.47,3.4989,1,1064.37,1,0.038601,8.4949,22.48,1,3,59.01,0
Happy,111.22,17.85,193.7,26.67,6.1992,1,1624.29,0,0.019619,10.5319,17.88,1,1,101.99,1
Angry,79.43,29.08,128.35,99.28,4.0,0,862.58,3,0.126101,16.3666,14.11,3,2,93.57,3
Calm,112.59,11.9,231.01,32.48,4.1939,0,1124.54,1,0.023503,10.2471,20.12,1,1,177.83,0
Sad,230.82,23.01,366.09,49.08,1.968,6,716.79,1,0.01371,5.1368,27.58,0,0,1847.54,2
Calm,134.51,14.37,160.35,30.34,3.0675,0,1542.04,1,0.06148,12.4025,9.99,2,0,296.78,0
Sad,198.99,24.74,318.44,40.97,2.1467,2,1363.77,2,0.047416,5.3438,28.18,0,1,1785.12,2
Calm,125.37,14.09,231.23,29.28,3.2663,2,1395.14,1,0.045179,7.2586,20.8,1,1,0.0,0
Angry,93.58,41.42,158.23,20.0,6.2151,0,1363.17,2,0.094526,12.4482,6.76,8,2,25.01,3
Anxious,106.77,43.39,178.09,45.0,2.6771,3,1127.5,3,0.18219,5.3625,11.2,3,2,100.0,4
Anxious,94.79,69.73,314.69,100.03,3.3668,7,1579.5,6,0.125716,7.5529,27.78,0,0,1077.78,4
Anxious,138.64,53.57,184.76,81.14,4.2898,7,1548.89,3,0.105153,8.8889,19.1,3,3,735.43,4
Anxious,142.29,46.45,248.49,80.62,4.0006,3,1499.99,5,0.116669,8.4077,20.52,3,3,1016.94,4
Angry,66.0,40.65,91.36,100.0,7.9644,0,1232.31,5,0.143385,15.1015,14.43,3,3,75.02,3
Calm,114.61,16.69,200.71,34.49,2.9219,2,1145.63,0,0.028386,5.7002,14.75,1,0,3.68,0
Sad,168.73,26.34,295.59,28.86,1.222,2,1191.66,1,0.034465,5.0897,49.28,0,2,1518.53,2
Happy,79.6,13.44,157.78,13.92,4.6829,0,1085.09,0,0.027935,11.9152,18.52,2,1,150.22,1
Angry,79.94,48.11,152.81,20.0,6.6869,0,857.15,2,0.110656,14.3341,12.77,5,1,48.05,3
Sad,234.15,21.8,351.59,52.84,2.3957,6,1402.59,0,0.044085,2.0,34.7,0,3,1373.13,2
Angry,81.95,23.45,130.69,41.49,5.4208,0,1192.2,2,0.071646,12.5539,14.56,8,2,44.21,3
Sad,194.73,26.31,266.43,64.34,2.5693,4,656.09,1,0.075398,5.1257,38.25,0,2,1384.93,2
Sad,206.67,15.23,338.18,36.98,1.9362,5,1530.19,1,0.064207,5.9183,32.33,0,0,1958.81,2
Anxious,115.62,46.69,202.43,103.14,3.9075,7,1616.18,7,0.105352,8.2614,18.13,0,1,273.7,4
Happy,90.48,3.0,159.0,31.34,5.2111,0,1651.64,1,0.007566,11.154,14.69,1,3,41.23,1
Happy,104.48,15.0,160.99,21.88,5.901,0,1059.77,0,0.022725,13.6978,17.29,1,2,126.34,1
Angry,78.51,28.45,135.25,59.49,5.2239,0,956.29,1,0.136415,9.5987,13.78,5,2,0.0,3
Happy,116.14,8.96,212.34,17.93,6.046,0,1547.07,1,0.03324,10.8963,13.12,2,2,109.5,1
Angry,86.63,39.12,151.69,20.0,6.7524,0,1467.84,3,0.122431,16.049,9.85,6,1,13.83,3
Anxious,102.46,46.19,191.51,124.37,3.4528,5,1280.71,4,0.13627,9.2658,12.64,1,1,1028.59,4
Happy,117.06,18.51,161.08,19.38,6.02,1,1079.96,0,0.027865,15.1787,17.37,0,1,162.49,1
Calm,104.33,11.75,222.4,23.66,3.6595,2,1401.86,1,0.043964,7.9526,17.9,1,1,130.2,0
Angry,99.03,46.21,142.55,48.22,5.8107,1,1023.57,2,0.123251,16.2021,14.76,6,1,97.37,3
Angry,72.37,40.99,85.0,25.26,5.4145,0,1651.93,1,0.131491,13.9428,13.36,4,0,0.0,3
Anxious,110.22,59.6,215.16,82.57,3.434,2,1333.02,8,0.178939,7.1181,18.29,1,2,574.27,4
Angry,71.84,36.14,154.18,65.87,6.9545,0,1431.38,2,0.135837,14.413,6.72,4,3,116.65,3
Angry,73.43,32.25,109.72,51.62,7.4046,0,1452.27,5,0.082905,13.9208,10.85,3,1,149.8,3
Sad,217.96,22.19,340.68,38.56,1.5515,3,980.05,0,0.050168,4.6296,30.54,0,3,1685.17,2
Angry,93.93,23.26,92.5,57.5,5.8898,0,736.43,4,0.109474,13.3697,8.71,5,2,25.3,3
Angry,83.7,36.48,133.01,85.93,5.7712,0,892.48,3,0.04,11.4688,8.74,5,0,18.85,3
Calm,137.19,9.62,237.72,40.07,3.8031,2,1625.88,2,0.048327,10.7702,12.55,3,2,470.08,0
Anxious,110.03,39.88,197.23,116.3,3.5251,7,1839.66,8,0.148885,9.3561,17.64,3,1,572.93,4
Angry,78.4,34.29,90.38,69.37,4.0,1,1692.76,5,0.107775,14.1197,9.7,8,1,0.0,3
Sad,150.24,14.61,361.57,38.55,2.3299,4,1869.51,0,0.031289,4.6732,36.7,0,0,1507.43,2
Sad,196.47,13.26,337.29,19.3,2.1216,2,1430.95,1,0.057097,7.836,21.32,0,0,1740.6,2
Sad,184.9,16.59,381.9,65.74,2.3962,3,1492.6,2,0.040859,3.5807,31.91,0,2,1861.36,2
Calm,115.2,9.3,208.37,52.55,4.4343,0,1826.86,0,0.0,9.3829,11.4,1,1,141.72,0
Calm,125.68,12.65,205.26,17.96,3.7919,0,866.56,1,0.037984,8.9632,26.2,0,1,191.77,0
Angry,109.81,56.59,109.28,38.97,5.7861,0,1388.59,3,0.205932,15.1468,12.72,3,2,63.23,3
Anxious,118.61,33.27,283.36,110.32,3.5589,6,1006.65,3,0.113323,6.9799,20.18,0,3,862.75,4
Happy,107.67,10.95,142.66,21.5,4.3325,0,853.47,0,0.026467,10.3182,15.12,3,1,99.63,1
Calm,139.63,10.74,240.87,32.4,3.2483,0,1570.73,2,0.025117,7.183,21.97,0,1,258.57,0
Calm,108.83,17.43,206.23,22.77,4.0254,0,1015.09,1,0.032401,7.523,24.87,1,2,406.17,0
Anxious,103.93,37.18,232.76,74.34,4.7155,2,1663.06,4,0.174395,8.1895,19.59,0,2,462.55,4
Happy,78.82,8.0,192.35,27.06,4.5229,0,849.03,1,0.016062,11.8044,10.57,1,1,0.0,1
Sad,173.67,8.21,378.88,37.37,1.6815,2,1209.36,1,0.070754,2.8926,29.85,0,2,1477.32,2
Angry,82.26,20.84,139.35,27.87,6.1079,0,1502.07,5,0.06684,12.9614,8.3,5,1,84.58,3
Happy,102.62,13.09,151.99,18.59,4.8956,0,1234.65,0,0.02016,11.6291,17.1,2,1,126.84,1
Happy,82.16,9.76,143.04,7.95,3.5,0,1460.73,0,0.00405,11.2831,13.09,3,1,291.88,1
Sad,190.96,12.73,281.28,46.12,2.6993,5,1816.0,1,0.052314,3.8849,27.84,1,3,2584.99,2
Angry,81.24,38.6,121.53,21.15,4.843,0,1580.93,2,0.084571,14.0607,13.92,5,0,0.0,3
Happy,96.85,7.68,138.5,12.59,5.2437,0,677.87,0,0.011045,11.2829,14.0,1,0,199.43,1
Sad,149.65,22.33,446.96,52.66,1.8362,6,500.0,1,0.072921,3.3589,33.43,0,3,1123.26,2
Sad,161.0,11.48,356.52,22.94,2.3017,5,1304.01,0,0.032869,2.84,23.51,0,0,1543.64,2
Calm,131.19,19.03,259.96,30.44,4.2881,1,666.42,0,0.041948,9.8704,23.16,0,2,0.0,0
Calm,90.0,10.5,209.02,43.48,3.1362,1,720.56,1,0.052975,9.5836,8.62,2,3,320.06,0
Sad,162.69,20.3,323.68,32.55,2.351,4,1278.84,0,0.04346,3.6838,19.79,0,2,1674.6,2
Angry,92.13,46.66,127.26,46.37,6.2858,0,1455.78,5,0.1187,10.2678,13.36,2,0,124.23,3
Calm,134.36,15.3,193.81,43.66,3.8598,1,1466.07,0,0.028717,7.0024,24.96,1,1,128.57,0
Anxious,87.9,64.4,211.58,81.27,3.733,4,1215.36,10,0.148196,7.7763,17.4,3,2,706.19,4
Sad,177.71,32.73,277.23,56.9,2.2545,2,1506.01,0,0.044966,3.0507,31.92,0,2,1214.82,2
Anxious,140.3,67.89,291.65,81.04,3.9543,2,1441.91,5,0.093674,7.0377,23.84,3,2,337.47,4
Anxious,137.94,33.55,277.93,67.12,3.8358,6,788.32,4,0.146219,6.3441,19.23,2,2,702.89,4
Calm,121.21,13.44,188.61,21.87,4.2875,0,1807.29,1,0.022751,11.0904,17.2,1,2,378.34,0
Anxious,131.52,35.87,244.52,58.07,3.5232,3,1043.72,5,0.210953,4.0,16.27,0,2,787.4,4
Calm,120.27,15.66,283.37,38.32,2.765,0,1252.0,1,0.064719,9.7907,18.35,2,1,240.37,0
Calm,124.72,11.56,224.8,31.43,4.9195,0,1060.68,1,0.016237,9.1996,17.87,1,2,117.42,0
Calm,113.11,15.92,199.93,27.51,4.2431,1,1129.79,1,0.063679,10.4346,18.62,3,3,170.76,0
Sad,199.89,8.14,310.55,62.19,1.3928,3,1436.96,1,0.024222,2.8856,48.42,0,3,2065.81,2
Happy,100.25,13.77,170.48,25.77,4.6838,0,1217.33,1,0.016637,11.2773,20.98,2,2,83.56,1
Calm,153.14,9.75,223.78,36.77,3.7563,0,1326.48,1,0.025507,7.07,15.29,0,1,123.02,0
Angry,80.31,37.88,115.32,54.71,5.7641,0,534.88,1,0.065518,16.3333,14.63,3,0,67.64,3
Happy,124.93,14.08,209.9,24.11,3.625,0,1411.92,1,0.029125,11.275,11.4,2,2,239.16,1
Angry,96.0,46.33,127.73,59.25,5.2747,0,1639.94,5,0.05111,13.2976,10.41,2,0,40.71,3
Calm,156.83,9.07,201.93,21.63,3.3938,0,1142.99,0,0.039881,10.2949,10.97,2,0,54.25,0
Anxious,111.78,39.59,174.25,119.3,2.9028,3,733.97,3,0.084153,7.714,15.69,1,2,657.44,4
Happy,119.29,17.5,188.62,27.52,5.6911,0,785.7,1,0.034231,13.1212,12.8,1,1,33.2,1
Angry,66.57,25.94,147.58,52.12,6.7143,0,1189.03,4,0.107044,12.218,16.3,6,1,152.99,3
Angry,65.09,33.79,153.25,61.79,7.7121,0,824.18,3,0.16836,16.6836,10.01,8,1,75.28,3
Angry,74.12,38.89,120.39,42.01,6.4781,0,1086.36,5,0.195806,12.6019,11.97,5,3,90.05,3
Happy,99.78,15.53,196.13,25.29,3.5292,0,1308.99,0,0.007702,9.3979,17.83,1,2,197.38,1
Angry,71.49,38.99,156.68,75.44,5.4821,1,540.76,5,0.066092,12.7522,19.41,5,2,64.47,3
Happy,101.25,13.26,162.99,20.53,4.2786,0,1202.6,1,0.00514,9.5454,15.97,1,1,264.88,1
Angry,72.86,46.13,106.85,69.97,5.1994,0,1090.32,1,0.065104,13.6655,16.94,5,2,0.0,3
Sad,165.67,23.42,313.71,45.53,1.4245,6,707.09,2,0.019271,6.1044,35.19,0,2,2281.36,2
Sad,169.28,8.0,220.0,55.87,2.6894,3,1337.79,0,0.028805,2.7794,22.66,1,3,1498.32,2
Anxious,107.16,39.84,256.91,119.87,3.6346,5,1433.93,4,0.111404,7.4707,14.82,0,0,714.41,4
Anxious,95.59,49.7,276.12,99.45,2.3474,3,1234.02,5,0.189187,5.9051,17.53,1,2,449.85,4
Anxious,109.97,47.19,239.14,110.97,3.3326,5,812.1,5,0.141769,7.1294,23.59,3,0,929.96,4
Happy,93.66,14.53,135.89,30.77,4.5479,0,1442.92,0,0.01322,9.2833,14.31,2,1,173.48,1
Happy,82.41,16.01,149.44,31.83,5.9371,0,1074.03,0,0.010471,10.5053,13.28,0,2,129.66,1
Calm,147.99,24.38,213.66,41.29,4.2723,1,1626.71,0,0.075819,7.2846,17.93,1,2,417.87,0
Sad,190.29,22.54,322.99,61.17,2.3445,2,809.46,0,0.013332,4.0703,28.34,0,1,1864.11,2
Angry,81.43,32.22,146.38,89.41,5.102,0,1548.51,4,0.086473,10.5785,10.91,3,2,76.76,3
Sad,138.54,26.9,328.01,54.51,2.2972,4,934.16,1,0.048025,4.5908,23.85,0,2,1410.28,2
Angry,88.39,21.8,116.05,49.3,5.5971,0,1396.92,3,0.10713,10.763,12.11,6,2,23.39,3
Sad,180.16,12.31,315.23,26.45,2.0994,3,1327.35,2,0.052616,3.1356,27.13,0,3,1070.3,2
Anxious,143.2,47.8,254.49,114.48,3.6134,6,1095.15,10,0.15213,9.5493,22.12,0,0,937.17,4
Angry,98.7,35.09,118.82,78.11,7.3118,0,714.68,3,0.107533,9.3734,14.73,3,2,83.29,3
Calm,126.76,11.56,228.18,28.46,4.0424,0,1467.78,0,0.009202,7.0608,19.44,2,2,275.82,0
Sad,201.53,34.09,369.44,40.2,1.7393,3,1345.6,2,0.0,6.2096,15.0,0,1,1689.3,2
Happy,115.49,13.07,202.78,18.9,3.5,0,942.6,1,0.021655,12.9887,14.36,0,1,122.87,1
Calm,133.41,11.0,182.34,22.84,3.717,0,1415.46,0,0.048493,9.2618,27.19,1,1,493.75,0
Anxious,120.53,25.0,244.35,125.57,3.7511,4,705.63,5,0.12576,7.4592,28.55,3,3,100.0,4
Anxious,144.19,50.84,198.49,85.47,2.7202,2,1020.2,5,0.139787,4.0,12.15,3,1,671.07,4
Sad,195.71,26.96,258.66,60.36,2.9814,3,1000.46,0,0.067716,4.1903,38.39,0,2,1653.83,2
Calm,126.7,13.36,231.65,53.27,3.6682,0,1106.08,1,0.023027,10.0361,10.09,3,3,298.89,0
Happy,113.95,11.12,164.72,36.31,6.0773,0,984.72,1,0.014996,10.3954,13.69,1,1,103.18,1
Calm,157.16,21.51,179.64,27.65,4.2935,1,1349.47,2,0.020336,8.8611,18.38,0,1,278.17,0
Angry,73.3,21.1,99.6,68.87,4.7613,0,919.63,4,0.120302,16.1769,15.17,5,1,0.0,3
Sad,161.01,17.19,401.67,29.62,2.6536,2,831.98,1,0.057624,3.1819,32.18,1,3,2117.51,2
Sad,186.95,22.62,396.39,36.61,1.9132,5,1946.6,0,0.053779,4.2746,32.47,1,1,1841.58,2
Sad,198.86,23.45,292.32,27.27,1.5354,2,500.0,0,0.004821,5.5561,19.15,0,1,2033.04,2
Happy,91.53,5.73,128.25,26.23,4.9707,0,840.76,0,0.013327,9.0492,9.51,0,1,13.07,1
Calm,117.6,21.4,244.78,33.07,4.3812,1,1125.89,0,0.029256,10.7163,13.06,0,2,14.11,0
Happy,101.89,11.48,142.66,18.74,4.8213,1,795.54,0,0.020621,11.282,14.97,1,3,89.35,1
Anxious,136.82,46.47,284.54,72.42,3.5981,4,1399.61,5,0.146675,6.7268,12.71,1,1,896.25,4
Sad,135.0,25.71,403.63,45.83,1.9995,3,568.05,0,0.022978,3.0321,21.03,0,1,1717.14,2
Happy,87.93,18.64,172.76,24.3,5.6566,1,1522.55,0,0.004545,9.3514,9.14,0,2,108.99,1
Angry,82.65,48.52,148.53,94.48,6.5697,1,1102.19,1,0.157718,11.63,10.81,3,1,0.0,3
Happy,96.89,12.67,203.73,13.5,6.1173,0,1488.95,1,0.020854,10.2369,16.98,3,2,208.71,1
Calm,134.77,20.39,176.24,29.97,2.652,0,1215.27,0,0.016216,9.7236,17.16,1,2,141.25,0
Happy,94.44,11.54,139.45,16.22,5.2933,1,1431.19,0,0.00048,9.9846,14.79,3,1,205.02,1
Angry,75.26,32.72,131.71,68.63,6.3152,0,1419.34,4,0.152386,13.5303,6.0,6,0,51.11,3
Happy,123.48,11.04,180.13,21.73,4.5368,0,1579.39,1,0.020851,11.783,14.24,0,1,61.13,1
Happy,95.19,11.44,193.73,21.69,4.3756,1,1207.23,0,0.011748,11.4396,11.93,0,2,98.87,1
Calm,128.36,4.0,208.95,21.24,4.2932,0,950.87,1,0.057685,9.1432,17.56,3,1,355.87,0
Anxious,80.0,67.65,261.11,84.46,2.5179,3,777.14,10,0.064279,6.5327,22.3,0,2,999.49,4
Anxious,115.88,33.13,195.98,74.66,2.5269,6,1059.66,3,0.181323,7.2193,20.9,0,1,362.12,4
Angry,110.0,44.63,85.0,71.58,4.1853,0,1417.23,1,0.144538,13.0891,11.39,3,2,41.23,3
Anxious,148.28,49.15,274.26,74.19,3.3322,3,1537.73,10,0.097461,7.428,24.09,3,0,779.48,4
Sad,196.48,20.6,371.2,16.63,1.4927,2,1291.59,0,0.050526,6.1234,43.34,0,1,1889.77,2
Anxious,106.39,43.96,272.77,74.27,3.1185,3,1073.96,6,0.128766,5.7698,28.34,0,2,687.99,4
Sad,242.0,23.87,356.75,56.67,2.0313,5,1160.53,2,0.063627,2.0,30.57,0,2,2721.4,2
Anxious,97.35,42.91,202.63,92.79,3.1485,2,976.79,3,0.166229,8.6635,12.11,3,1,100.0,4
Happy,97.55,8.51,166.62,6.76,5.0003,0,1458.87,1,0.004695,9.6478,13.69,1,3,34.5,1
Sad,211.24,23.9,344.93,56.94,1.6801,2,1080.89,1,0.05511,6.3615,40.0,0,3,1983.94,2
Anxious,82.0,64.48,183.12,69.99,3.9008,7,1244.8,6,0.120084,6.3038,30.52,0,1,1247.39,4
Sad,180.4,15.21,404.27,26.13,2.3817,4,660.96,1,0.03977,6.0223,34.31,1,1,2607.89,2
Angry,92.72,30.41,112.37,20.0,7.7002,0,907.1,5,0.159544,14.1296,6.41,5,3,117.79,3
Calm,116.35,9.72,160.17,28.27,2.8911,0,1014.82,0,0.010633,10.937,14.9,0,1,50.85,0
Angry,97.77,28.7,127.17,66.79,4.4206,0,949.27,5,0.103952,12.6892,13.13,2,2,200.06,3
Angry,55.0,38.27,152.72,69.07,5.9759,1,742.17,3,0.057939,13.7855,10.76,8,1,93.55,3
Sad,187.61,18.87,343.12,25.89,2.2568,3,1467.54,1,0.066974,4.2251,22.99,0,2,1679.56,2
Angry,71.93,40.45,110.17,59.84,4.5868,0,1350.58,3,0.183581,13.3205,6.0,6,2,137.65,3
Sad,244.31,29.71,327.06,52.07,1.5175,3,1139.72,2,0.038868,2.6922,33.51,1,1,2090.05,2
Calm,131.66,11.23,215.94,22.48,3.9988,0,772.81,2,0.040872,8.3186,16.45,3,2,308.76,0
Sad,199.37,22.78,447.76,57.84,2.5799,4,1462.19,0,0.017554,5.0897,26.15,0,1,1015.4,2
Sad,190.55,8.22,338.56,28.83,1.4466,3,863.18,2,0.025028,5.7785,19.24,0,1,1399.9,2
Anxious,101.44,58.6,167.59,132.35,3.1691,7,717.03,10,0.088817,7.829,20.48,1,2,721.34,4
Angry,64.82,41.01,147.71,84.93,5.0883,0,1282.2,2,0.077787,15.9859,14.97,6,0,30.3,3
Happy,122.76,6.3,178.45,6.3,5.5898,0,785.75,0,0.034853,14.3341,15.32,0,2,92.15,1
Calm,96.99,22.78,224.14,42.09,3.6645,1,707.04,0,0.018526,9.6023,23.01,1,1,192.29,0
Happy,84.78,10.61,191.43,32.72,5.1779,0,1276.19,0,0.015073,10.7019,16.55,0,2,68.74,1
Sad,152.5,21.55,313.28,48.45,1.6715,2,874.62,0,0.059201,5.1051,29.35,0,1,1225.64,2
Calm,132.79,15.45,192.73,34.43,3.2152,0,1020.75,1,0.0,7.3981,15.63,1,2,132.01,0
Happy,98.46,8.01,158.65,31.91,4.6202,0,876.21,0,0.016333,9.9054,11.03,1,0,144.3,1
Anxious,80.0,47.61,219.5,100.05,3.6208,4,1244.54,5,0.102629,7.1842,20.32,0,1,345.51,4
Calm,132.38,11.61,216.23,8.0,4.3138,0,869.95,0,0.003319,8.1215,15.64,1,0,171.35,0
Happy,123.85,10.84,160.71,27.87,3.8889,1,1368.22,0,0.006332,11.9375,15.98,3,1,0.0,1
Anxious,122.81,43.5,276.34,117.87,3.3816,6,1400.68,6,0.100267,7.1134,14.94,0,3,1082.67,4
Sad,193.85,22.06,446.99,43.06,2.4404,6,1467.7,1,0.030475,2.6461,35.4,0,1,2043.8,2
Sad,207.22,18.22,411.29,34.12,3.1531,3,1310.42,1,0.03065,4.1085,30.58,0,1,2393.38,2
Happy,76.77,16.31,178.88,24.67,5.4616,1,1532.48,1,0.015363,13.015,11.43,3,3,88.99,1
Angry,85.52,43.06,163.29,60.69,4.9173,0,1257.81,3,0.167154,14.7837,8.33,4,1,31.69,3
Happy,95.74,13.06,158.29,16.77,4.3066,0,1286.86,0,0.015932,7.9413,15.52,1,3,62.34,1
Angry,60.06,31.38,175.08,37.63,6.3678,1,1076.87,2,0.140424,12.2261,14.4,2,2,64.46,3
Calm,124.82,17.19,215.88,22.45,2.8696,0,500.0,0,0.036427,9.6491,19.44,3,1,239.38,0
Angry,83.07,30.52,126.34,54.81,8.0,0,729.51,5,0.175977,13.8579,13.46,5,2,100.81,3
Anxious,110.07,43.2,262.62,81.54,2.7944,4,1460.85,10,0.145135,6.2003,24.51,0,0,660.21,4
Calm,134.44,7.09,204.45,19.83,3.6592,1,1019.87,0,0.03693,9.4462,25.05,0,1,385.84,0
Happy,118.55,5.98,134.87,19.62,5.1208,0,1100.01,0,0.005086,7.776,18.01,1,2,68.52,1
Calm,133.82,8.59,198.76,24.41,3.9973,0,1279.76,2,0.034776,7.8202,13.54,1,1,170.93,0
Sad,230.21,12.33,230.78,24.99,2.961,6,1136.8,0,0.074483,4.0612,33.76,0,3,1884.85,2
Happy,100.5,11.77,145.26,18.78,4.1861,0,897.38,0,0.003186,13.5804,12.87,0,3,6.62,1
Happy,111.31,10.78,154.08,31.73,5.3683,0,880.57,1,0.010286,14.0663,12.6,2,3,136.83,1
Sad,135.0,27.53,315.1,49.53,1.7306,5,996.69,0,0.055051,5.0274,19.84,0,0,1412.62,2
Calm,133.93,16.72,158.69,17.73,3.2544,0,1476.5,2,0.053741,5.0,20.14,1,0,223.28,0
Angry,72.93,25.75,162.78,53.72,4.623,1,1341.81,1,0.182966,11.9081,16.43,6,1,86.21,3
Calm,159.72,24.3,186.29,22.83,4.6794,1,1169.02,0,0.040457,9.2365,18.95,1,0,368.91,0
Angry,73.58,29.18,137.18,39.44,7.5267,0,559.97,4,0.208573,10.8245,7.42,6,0,42.53,3
Calm,103.46,4.0,147.8,20.02,4.7228,2,1346.36,1,0.039541,10.3939,18.11,3,0,88.26,0
Calm,144.16,11.04,171.59,14.4,4.9317,1,836.65,1,0.042255,7.9417,14.94,1,3,359.03,0
Happy,102.88,16.49,125.76,15.97,5.4553,1,1176.73,0,0.037081,12.1325,11.97,2,2,182.03,1
Anxious,127.59,57.44,154.32,95.65,2.0967,6,500.0,10,0.224616,6.0107,20.3,3,0,651.77,4
Sad,171.24,22.3,477.03,28.41,2.5157,4,1274.2,1,0.011086,4.5867,23.54,0,0,1510.71,2
Calm,136.21,7.01,188.87,28.29,3.5944,0,994.61,1,0.071767,10.3316,21.54,0,3,321.07,0
